	Unnamed: 0.1	Unnamed: 0	pdb	ah_count	ah_res	total_res	ah_res/total_res	chains	determination	oligomer	oligomer_str	net_charge	hydro_kyte_doolittle	hydro_hopp_woods	hydro_cornette	hydro_eisenberg	hydro_rose	hydro_janin	hydro_engelman_ges	hydro_consensus1982	hydrophobic_moment	seq_length	seq	res0	res1	res2	res3	res4	res5	res6	res7	res8	res9	res10	res11	res12	res13	res14	res15	res16	res17	res18	res19	res20	hydrophobic_res	disruptive_prolines	aromatic_res	charged_res	canonical_heptads
0	0	0	1bb1	3	102	102	1.0	3.0	author	3.0	trimeric	-5.26	54.61	43.71	42.83	70.41	52.32	62.42	67.02	70.48	3.98	34.0	AEIAAIEYEQAAIKEEIAAIKDKIAAIKEYIAAI	0.32	0.0	0.0	0.03	0.0	0.03	0.18	0.0	0.0	0.26	0.0	0.12	0.0	0.0	0.0	0.0	0.0	0.0	0.06	0.0	0.0	0.59	0.0	0.06	0.32	0.6
1	1	1	1ce0	3	96	106	0.91	3.0	author	3.0	trimeric	-6.26	41.01	38.0	44.38	57.65	46.44	51.95	56.17	57.75	8.59	35.0	RLLQRIKQQEDKLEETLSKIYHLENEIARVKKLLG	0.03	0.09	0.03	0.03	0.0	0.09	0.14	0.03	0.03	0.09	0.2	0.14	0.0	0.0	0.0	0.03	0.03	0.0	0.03	0.03	0.0	0.34	0.0	0.03	0.43	0.6
2	2	2	1ce9	4	108	136	0.79	4.0	author	4.0	tetrameric	-6.26	41.28	35.57	45.48	58.48	46.22	52.94	55.9	58.59	7.74	34.0	MSVKELEDKVEELLSKNYHLENEVARLKKLVGER	0.03	0.06	0.06	0.03	0.0	0.0	0.21	0.03	0.03	0.0	0.18	0.15	0.03	0.0	0.0	0.06	0.0	0.0	0.03	0.12	0.0	0.35	0.0	0.03	0.47	0.6
3	3	3	1cos	3	76	87	0.87	3.0	author	3.0	trimeric	-5.27	43.41	37.45	39.54	62.68	45.43	54.92	60.2	62.79	4.46	29.0	EWEALEKKLAALESKLQALEKKLEALEHG	0.17	0.0	0.0	0.0	0.0	0.03	0.24	0.03	0.03	0.0	0.24	0.17	0.0	0.0	0.0	0.03	0.0	0.03	0.0	0.0	0.0	0.45	0.0	0.03	0.45	0.75
4	4	4	1fe6	4	187	205	0.91	4.0	author	4.0	tetrameric	-6.25	51.37	45.83	50.43	66.05	55.27	63.75	66.23	66.14	6.88	52.0	GSIINETADDIVYRLTVIIDDRYESLKNLITLRADRLEMIINDNVSTILASG	0.06	0.08	0.08	0.12	0.0	0.0	0.06	0.04	0.0	0.17	0.12	0.02	0.02	0.0	0.0	0.08	0.08	0.0	0.04	0.06	0.0	0.42	0.0	0.04	0.27	0.71
5	5	5	1gcm	3	84	96	0.88	3.0	author	3.0	trimeric	-5.27	44.66	38.26	45.97	61.24	49.45	54.6	57.83	61.31	8.52	31.0	RMKQIEDKIEEILSKIYHIENEIARIKKLIG	0.03	0.06	0.03	0.03	0.0	0.03	0.16	0.03	0.03	0.26	0.06	0.16	0.03	0.0	0.0	0.03	0.0	0.0	0.03	0.0	0.0	0.39	0.0	0.03	0.45	1.0
6	6	6	1gk6	2	99	107	0.93	2.0	author	2.0	dimeric	-4.26	45.07	39.66	46.67	62.12	48.94	56.29	60.16	62.23	4.62	55.0	MKQLEDKVEELLSKNYHLENEVARLKKLVGDLLNVKMALDIEIATYRKLLEGEES	0.05	0.04	0.05	0.05	0.0	0.02	0.16	0.04	0.02	0.04	0.2	0.13	0.04	0.0	0.0	0.04	0.02	0.0	0.04	0.07	0.0	0.4	0.0	0.04	0.4	0.62
7	7	7	1gl2	4	222	229	0.97	4.0	author	4.0	tetrameric	-5.26	39.01	38.61	40.58	57.04	46.49	54.73	58.19	57.14	3.13	54.0	RVRNLQSEVEGVKNIMTQNVERILARGENLDHLRNKTEDLEATSEHFKTTSQKV	0.04	0.09	0.09	0.04	0.0	0.06	0.13	0.04	0.04	0.04	0.09	0.07	0.02	0.02	0.0	0.06	0.09	0.0	0.0	0.09	0.0	0.3	0.0	0.02	0.37	0.5
8	8	8	1hvv	4	242	256	0.95	4.0	author	4.0	tetrameric	-5.17	45.12	40.84	45.55	62.43	51.85	59.43	61.93	62.5	10.8	67.0	QALSEIETRHSEIIKLENSIRELHDMFMDMAMLVESQGEMIDRIEYNVEHAVDYVERAVSDTKKAVK	0.07	0.06	0.03	0.07	0.0	0.03	0.15	0.01	0.04	0.09	0.06	0.06	0.07	0.01	0.0	0.07	0.03	0.0	0.03	0.09	0.0	0.4	0.0	0.04	0.39	0.7
9	9	9	1ij0	3	87	93	0.94	3.0	author	3.0	trimeric	-5.26	41.58	36.6	44.86	58.16	46.23	52.45	56.75	58.27	6.76	31.0	RMKQLEDKVEESLSKVYHLENEVARLKKLVG	0.03	0.06	0.03	0.03	0.0	0.03	0.16	0.03	0.03	0.0	0.16	0.16	0.03	0.0	0.0	0.06	0.0	0.0	0.03	0.13	0.0	0.35	0.0	0.03	0.45	0.75
10	10	10	1ij1	3	84	93	0.9	3.0	author	3.0	trimeric	-5.26	41.62	36.95	44.35	58.27	46.56	52.33	56.88	58.37	6.81	31.0	RMKQLEDKVEETLSKVYHLENEVARLKKLVG	0.03	0.06	0.03	0.03	0.0	0.03	0.16	0.03	0.03	0.0	0.16	0.16	0.03	0.0	0.0	0.03	0.03	0.0	0.03	0.13	0.0	0.35	0.0	0.03	0.45	0.75
11	11	11	1ij2	3	86	93	0.92	3.0	author	3.0	trimeric	-5.26	41.33	36.77	45.03	57.63	46.32	51.36	56.05	57.74	6.53	30.0	RMKQLEDKVEELLSKTYHLENEVARLKKLV	0.03	0.07	0.03	0.03	0.0	0.03	0.17	0.0	0.03	0.0	0.2	0.17	0.03	0.0	0.0	0.03	0.03	0.0	0.03	0.1	0.0	0.37	0.0	0.03	0.47	0.75
12	12	12	1ij3	3	85	94	0.9	3.0	author	3.0	trimeric	-5.26	40.49	35.6	44.28	57.76	45.5	51.97	55.82	57.87	7.12	32.0	RMKQLEDKVEELLSKSYHLENEVARLKKLVGE	0.03	0.06	0.03	0.03	0.0	0.03	0.19	0.03	0.03	0.0	0.19	0.16	0.03	0.0	0.0	0.06	0.0	0.0	0.03	0.09	0.0	0.34	0.0	0.03	0.47	0.6
13	13	13	1jcc	3	141	156	0.9	3.0	author	3.0	trimeric	-5.28	37.75	37.27	28.89	56.75	40.16	55.7	59.09	56.85	6.52	51.0	SSNAKIDQLSSDAQTANAKADQASNDANAARSDAQAAKDDAARANQRLDNM	0.29	0.06	0.12	0.16	0.0	0.1	0.0	0.0	0.0	0.02	0.04	0.06	0.02	0.0	0.0	0.12	0.02	0.0	0.0	0.0	0.0	0.37	0.0	0.0	0.27	0.86
14	14	14	1jcd	3	146	152	0.96	3.0	author	3.0	trimeric	-6.26	36.75	35.95	24.58	56.24	38.24	55.18	58.07	56.34	6.66	50.0	NAKADQASSDAQTANAKADQASNDANAARSDAQAAKDDAARANQRADNAA	0.4	0.06	0.12	0.16	0.0	0.1	0.0	0.0	0.0	0.0	0.0	0.06	0.0	0.0	0.0	0.08	0.02	0.0	0.0	0.0	0.0	0.4	0.0	0.0	0.28	0.86
15	15	15	1kil	5	283	303	0.93	5.0	author	5.0	pentameric	-4.26	39.37	38.85	38.08	56.92	45.28	53.78	57.25	57.01	6.59	65.0	SNRRLQQTQAQVDEVVDIMRVNVDKVLERDQKLSELDDRADALQAGASQFETSAAKLKRKYWWKN	0.11	0.09	0.05	0.11	0.0	0.11	0.06	0.02	0.0	0.02	0.09	0.09	0.02	0.02	0.0	0.06	0.03	0.03	0.02	0.09	0.0	0.37	0.0	0.06	0.35	0.67
16	16	16	1n7s	4	266	276	0.96	4.0	author	4.0	tetrameric	-5.26	40.1	38.26	38.35	56.88	45.34	54.19	57.29	56.97	6.09	63.0	GSNRRLQQTQAQVDEVVDIMRVNVDKVLERDQKLSELDDRADALQAGASQFETSAAKLKRKYW	0.11	0.1	0.03	0.11	0.0	0.11	0.06	0.03	0.0	0.02	0.1	0.08	0.02	0.02	0.0	0.06	0.03	0.02	0.02	0.1	0.0	0.37	0.0	0.05	0.35	0.67
17	17	17	1pl5	2	142	151	0.94	2.0	author	2.0	dimeric	-5.26	46.31	40.11	43.02	61.78	48.57	57.93	62.59	61.88	8.35	75.0	SFVDIVLSKAASALDEKEKQLAVANEIIRSLSDEVMRNEIRITSLQGDLTFTKKCLENARSQISEKDAKINKLME	0.09	0.05	0.05	0.07	0.01	0.04	0.11	0.01	0.0	0.09	0.11	0.11	0.03	0.03	0.0	0.11	0.04	0.0	0.0	0.05	0.0	0.4	0.0	0.03	0.33	0.55
18	18	18	1rb4	3	91	91	1.0	3.0	author	3.0	trimeric	-4.26	42.26	36.83	45.83	58.2	46.66	51.97	56.13	58.31	6.96	30.0	RMKQLEDKVEELLSKAYHLENEVARLKKLV	0.07	0.07	0.03	0.03	0.0	0.03	0.17	0.0	0.03	0.0	0.2	0.17	0.03	0.0	0.0	0.03	0.0	0.0	0.03	0.1	0.0	0.4	0.0	0.03	0.47	1.0
19	19	19	1rb5	3	86	98	0.88	3.0	author	3.0	trimeric	-4.26	40.14	34.9	44.73	56.63	45.68	51.29	54.32	56.73	8.1	33.0	RMKQLEDKVEELLSKAYHLENEVARLKKLVGER	0.06	0.09	0.03	0.03	0.0	0.03	0.18	0.03	0.03	0.0	0.18	0.15	0.03	0.0	0.0	0.03	0.0	0.0	0.03	0.09	0.0	0.36	0.0	0.03	0.48	0.8
20	20	20	1rb6	3	88	97	0.91	3.0	author	3.0	trimeric	-4.26	40.14	34.9	44.73	56.63	45.68	51.29	54.32	56.73	8.1	33.0	RMKQLEDKVEELLSKAYHLENEVARLKKLVGER	0.06	0.09	0.03	0.03	0.0	0.03	0.18	0.03	0.03	0.0	0.18	0.15	0.03	0.0	0.0	0.03	0.0	0.0	0.03	0.09	0.0	0.36	0.0	0.03	0.48	0.8
21	21	21	1swi	3	88	91	0.97	3.0	author	3.0	trimeric	-5.26	42.37	37.15	45.49	58.81	46.81	52.81	57.0	58.92	7.05	31.0	RMKQLEDKVEELLSKAYHLENEVARLKKLVG	0.06	0.06	0.03	0.03	0.0	0.03	0.16	0.03	0.03	0.0	0.19	0.16	0.03	0.0	0.0	0.03	0.0	0.0	0.03	0.1	0.0	0.39	0.0	0.03	0.45	1.0
22	22	22	1t6f	2	74	74	1.0	2.0	author	2.0	dimeric	-5.26	36.01	31.89	35.69	56.17	40.32	48.54	51.76	56.28	7.27	37.0	TLYEALKENEKLHKEIEQKDNEIARLKKENKELAEVA	0.11	0.03	0.08	0.03	0.0	0.03	0.24	0.0	0.03	0.05	0.14	0.19	0.0	0.0	0.0	0.0	0.03	0.0	0.03	0.03	0.0	0.32	0.0	0.03	0.51	0.4
23	23	23	1t8z	5	247	247	1.0	5.0	author	5.0	pentameric	-5.26	28.97	48.82	26.81	57.96	46.5	55.4	59.35	58.06	7.27	50.0	AKWDQWSSDWQTWNAKWDQWSNDWNAWRSDWQAWKDDWARWNQRWDNWAT	0.12	0.06	0.1	0.16	0.0	0.1	0.0	0.0	0.0	0.0	0.0	0.06	0.0	0.0	0.0	0.08	0.04	0.28	0.0	0.0	0.0	0.4	0.0	0.28	0.28	0.86
24	24	24	1uii	2	115	122	0.94	2.0	author	2.0	dimeric	-5.26	34.46	34.13	35.69	55.51	40.89	48.81	52.82	55.6	10.18	61.0	ENPSSQYWKEVAEKRRKALYEALKENEKLHKEIEQKDNEIARLKKENKELAEVAEHVQYMA	0.11	0.05	0.07	0.02	0.0	0.05	0.21	0.0	0.03	0.03	0.08	0.16	0.02	0.0	0.02	0.03	0.0	0.02	0.05	0.05	0.0	0.33	0.02	0.07	0.48	0.44
25	25	25	1uix	2	131	137	0.96	2.0	author	2.0	dimeric	-5.26	39.77	36.87	36.05	57.68	42.09	52.5	57.9	57.78	6.32	69.0	GSTSDVANLANEKEELNNKLKEAQEQLSRLKDEEISAAAIKAQFEKQLLTERTLKTQAVNKLAEIUNRK	0.13	0.04	0.09	0.03	0.0	0.07	0.14	0.01	0.0	0.04	0.13	0.13	0.0	0.01	0.0	0.06	0.06	0.0	0.0	0.03	0.01	0.35	0.0	0.01	0.35	0.5
26	26	26	1urq	4	244	252	0.97	4.0	author	4.0	tetrameric	-4.26	46.61	41.49	44.17	63.57	50.75	61.06	65.9	63.66	8.34	58.0	GIEGVKGAASGVVGELARARLALDERGQKLSDLEERTAAMMSSADSFSKHAHEMMLKY	0.16	0.07	0.0	0.05	0.0	0.02	0.1	0.1	0.03	0.02	0.1	0.07	0.07	0.02	0.0	0.1	0.02	0.0	0.02	0.05	0.0	0.41	0.0	0.03	0.33	0.75
27	27	27	1wt6	3	186	195	0.95	3.0	author	3.0	trimeric	-5.26	39.5	37.2	43.14	56.24	47.6	55.6	56.13	56.31	8.58	65.0	EVTLRELQEALEEEVLTRQSLSREMEAIRTDNQNFASQLREAEARNRDLEAHVRQLQERMELLQA	0.11	0.14	0.05	0.03	0.0	0.11	0.2	0.0	0.02	0.02	0.15	0.0	0.03	0.02	0.0	0.05	0.05	0.0	0.0	0.05	0.0	0.37	0.0	0.02	0.38	0.44
28	28	28	1ybk	4	187	205	0.91	4.0	author	4.0	tetrameric	-4.26	52.41	46.37	51.48	66.49	56.06	64.03	66.49	66.58	7.17	52.0	GSIINETADDIVYRLTVIIDDRYESLKNLITLRADRLEMIINDNVSTILASI	0.06	0.08	0.08	0.12	0.0	0.0	0.06	0.02	0.0	0.19	0.12	0.02	0.02	0.0	0.0	0.08	0.08	0.0	0.04	0.06	0.0	0.44	0.0	0.04	0.27	0.71
29	29	29	1zik	2	60	60	1.0	2.0	author	2.0	dimeric	-4.26	40.15	35.0	44.58	56.39	44.78	49.38	53.96	56.5	5.61	30.0	RMKQLEDKVEELLSKKYHLENEVARLKKLV	0.03	0.07	0.03	0.03	0.0	0.03	0.17	0.0	0.03	0.0	0.2	0.2	0.03	0.0	0.0	0.03	0.0	0.0	0.03	0.1	0.0	0.37	0.0	0.03	0.5	0.75
30	30	30	1zil	2	60	60	1.0	2.0	author	2.0	dimeric	-5.26	40.3	36.46	44.69	56.95	45.63	50.74	54.94	57.05	6.02	30.0	RMKQLEDKVEELLSKQYHLENEVARLKKLV	0.03	0.07	0.03	0.03	0.0	0.07	0.17	0.0	0.03	0.0	0.2	0.17	0.03	0.0	0.0	0.03	0.0	0.0	0.03	0.1	0.0	0.37	0.0	0.03	0.47	0.75
31	31	31	1zim	3	85	96	0.89	3.0	author	3.0	trimeric	-5.26	39.55	35.65	43.46	57.22	45.18	51.27	54.91	57.33	6.69	32.0	RMKQLEDKVEELLSKQYHLENEVARLKKLVGE	0.03	0.06	0.03	0.03	0.0	0.06	0.19	0.03	0.03	0.0	0.19	0.16	0.03	0.0	0.0	0.03	0.0	0.0	0.03	0.09	0.0	0.34	0.0	0.03	0.47	0.6
32	32	32	1zvb	3	101	101	1.0	3.0	author	3.0	trimeric	-5.26	53.72	47.57	50.02	67.73	53.61	64.49	70.24	67.84	9.41	34.0	ALNTLVKQLSSNFGAISSVLNDILSRLDKVEAEV	0.09	0.03	0.09	0.06	0.0	0.03	0.06	0.03	0.0	0.06	0.18	0.06	0.0	0.03	0.0	0.15	0.03	0.0	0.0	0.12	0.0	0.47	0.0	0.03	0.21	0.8
33	33	33	2b1f	4	121	124	0.98	4.0	author	4.0	tetrameric	-5.26	48.23	42.98	48.04	64.04	50.71	58.57	63.54	64.15	7.11	32.0	MKVKQLEDAVEELLSANYHLENAVARLKKLVG	0.12	0.03	0.06	0.03	0.0	0.03	0.12	0.03	0.03	0.0	0.19	0.12	0.03	0.0	0.0	0.03	0.0	0.0	0.03	0.12	0.0	0.47	0.0	0.03	0.34	0.6
34	34	34	2bni	4	120	128	0.94	4.0	author	4.0	tetrameric	-5.26	45.06	39.5	46.59	61.49	50.57	56.32	60.02	61.59	7.92	30.0	RMKQIEDKLEEILSKGHHICNELARIKKLL	0.03	0.07	0.03	0.03	0.03	0.03	0.13	0.03	0.07	0.13	0.17	0.17	0.03	0.0	0.0	0.03	0.0	0.0	0.0	0.0	0.0	0.37	0.0	0.0	0.47	0.75
35	35	35	2d3e	4	520	520	1.0	4.0	author	4.0	tetrameric	-7.25	38.51	33.83	37.84	57.73	42.91	51.82	55.09	57.83	4.94	130.0	DKVEELLSKNYHLENEVARLKKLLERAEERAELSEGKCAELEEELKTVTNNLKSLEAQAEKYSQKEDKYEEEIKVLSDKLKEAETRAEFAERSVTKLEKSIDDLEDELYAQKLKYKAISEELDHALNDMT	0.09	0.04	0.04	0.06	0.01	0.02	0.22	0.01	0.02	0.02	0.15	0.14	0.01	0.01	0.0	0.06	0.04	0.0	0.04	0.04	0.0	0.32	0.0	0.05	0.47	0.63
36	36	36	2fxm	2	229	238	0.96	2.0	author	2.0	dimeric	-5.26	37.42	31.37	37.22	55.52	42.21	50.81	52.78	55.61	2.2	126.0	PLLKSAEREKEMASMKEEFTRLKEALEKSEARRKELEEKMVSLLQEKNDLQLQVQAEQDNLADAEERCDQLIKNKIQLEAKVKEMNERLEDEEEMNAELTAKKRKLEDECSELKRDIDDLELTLAK	0.09	0.06	0.04	0.07	0.02	0.06	0.21	0.0	0.0	0.02	0.15	0.13	0.04	0.01	0.01	0.04	0.02	0.0	0.0	0.02	0.0	0.34	0.01	0.01	0.48	0.39
37	37	37	2guv	5	262	280	0.94	5.0	author	5.0	pentameric	-5.26	38.57	43.84	37.36	58.86	46.88	55.62	61.2	58.97	9.72	56.0	SSNAKFDQFSSDFQTFNAKFDQFSNDFNAFRSDFQAFKDDFARFNQRFDNFATKYR	0.11	0.07	0.11	0.14	0.0	0.09	0.0	0.0	0.0	0.0	0.0	0.07	0.0	0.25	0.0	0.11	0.04	0.0	0.02	0.0	0.0	0.36	0.0	0.27	0.29	0.88
38	38	38	2hy6	7	218	218	1.0	7.0	author	7.0	heptameric	-5.17	52.05	46.18	46.03	67.39	52.43	63.56	68.11	67.5	10.03	31.0	VKQLADAVEELASANYHLANAVARLAKAVGE	0.29	0.03	0.06	0.03	0.0	0.03	0.1	0.03	0.03	0.0	0.13	0.06	0.0	0.0	0.0	0.03	0.0	0.0	0.03	0.13	0.0	0.55	0.0	0.03	0.26	0.75
39	39	39	2ipz	4	133	136	0.98	4.0	author	4.0	tetrameric	-5.26	47.95	41.82	51.23	62.08	51.35	56.54	60.99	62.19	10.61	34.0	MKVKQLVDKVEELLSKNYHLVNEVARLVKLVGER	0.03	0.06	0.06	0.03	0.0	0.03	0.12	0.03	0.03	0.0	0.18	0.15	0.03	0.0	0.0	0.03	0.0	0.0	0.03	0.21	0.0	0.44	0.0	0.03	0.38	0.6
40	40	40	2jgo	3	81	87	0.93	3.0	software	3.0	trimeric	-5.26	42.91	37.02	38.91	62.0	45.96	55.43	60.03	62.11	4.2	29.0	EWEALEKKCAALESKLQALEKKLEALEHG	0.17	0.0	0.0	0.0	0.03	0.03	0.24	0.03	0.03	0.0	0.21	0.17	0.0	0.0	0.0	0.03	0.0	0.03	0.0	0.0	0.0	0.41	0.0	0.03	0.45	0.5
41	41	41	2nps	4	247	273	0.9	4.0	author	4.0	tetrameric	-5.26	37.05	37.81	38.66	55.8	45.45	53.55	55.72	55.88	6.64	63.0	RNDKIKHVQNQVDEVIDVMQENITKVIERGERLDELQDKSESLSDNATAFSNRSKQLRRQMWW	0.03	0.1	0.08	0.1	0.0	0.1	0.1	0.02	0.02	0.06	0.06	0.08	0.03	0.02	0.0	0.08	0.03	0.03	0.0	0.08	0.0	0.32	0.0	0.05	0.38	0.56
42	42	42	2nrn	4	122	128	0.95	4.0	author	4.0	tetrameric	-4.26	47.41	42.04	46.81	62.39	48.71	55.8	61.61	62.51	8.83	30.0	KVKQLADKVEELLSKNYHLANEVARLAKLV	0.13	0.03	0.07	0.03	0.0	0.03	0.1	0.0	0.03	0.0	0.2	0.17	0.0	0.0	0.0	0.03	0.0	0.0	0.03	0.13	0.0	0.47	0.0	0.03	0.37	0.75
43	43	43	2q5u	3	135	135	1.0	3.0	author	3.0	trimeric	-5.26	43.01	38.38	41.74	59.25	46.48	52.34	57.67	59.33	9.44	45.0	RMKQIEDKIEEIESKQKKIENEIARIKKLLQLTVWGIKQLQARIL	0.04	0.07	0.02	0.02	0.0	0.11	0.13	0.02	0.0	0.18	0.11	0.18	0.02	0.0	0.0	0.02	0.02	0.02	0.0	0.02	0.0	0.4	0.0	0.02	0.4	0.67
44	44	44	2q6q	2	120	127	0.94	2.0	author	2.0	dimeric	-5.26	38.53	35.97	37.99	56.9	41.8	49.45	55.02	57.01	10.69	62.0	QQNKELNFKLREKQNEIFELKKIAETLRSKLEKYVDITKKLEDQNLNLQIKISDLEKKLSDA	0.03	0.03	0.08	0.06	0.0	0.08	0.13	0.0	0.0	0.08	0.16	0.19	0.0	0.03	0.0	0.05	0.03	0.0	0.02	0.02	0.0	0.32	0.0	0.05	0.42	0.33
45	45	45	2q7c	3	135	135	1.0	3.0	author	3.0	trimeric	-5.27	43.01	38.38	41.74	59.25	46.48	52.34	57.67	59.33	9.44	45.0	RMKQIEDKIEEIESKQKKIENEIARIKKLLQLTVWGIKQLQARIL	0.04	0.07	0.02	0.02	0.0	0.11	0.13	0.02	0.0	0.18	0.11	0.18	0.02	0.0	0.0	0.02	0.02	0.02	0.0	0.02	0.0	0.4	0.0	0.02	0.4	0.67
46	46	46	2qdq	2	67	67	1.0	2.0	author	2.0	dimeric	-6.26	39.48	35.95	38.64	56.62	44.78	52.93	55.7	56.68	3.46	34.0	GGIAQIIAAQEEMLRKERELEEARKKLAQIRQQQ	0.15	0.12	0.0	0.0	0.0	0.18	0.18	0.06	0.0	0.12	0.09	0.09	0.03	0.0	0.0	0.0	0.0	0.0	0.0	0.0	0.0	0.38	0.0	0.0	0.38	0.6
47	47	47	2siv	6	201	210	0.96	6.0	author	6.0	hexameric	-5.26	45.62	48.1	43.51	61.52	51.14	58.33	65.38	61.61	6.65	36.0	AGIVQQQQQLLDVVKRQQELLRLTVWGTKNLQTRVT	0.03	0.08	0.03	0.03	0.0	0.22	0.03	0.06	0.0	0.03	0.17	0.06	0.0	0.0	0.0	0.0	0.11	0.03	0.0	0.14	0.0	0.39	0.0	0.03	0.19	0.6
48	48	48	2v66	4	438	444	0.99	4.0	author	4.0	tetrameric	-5.26									0.0	0.0																											
49	49	49	2w6a	2	105	117	0.9	2.0	author	2.0	dimeric	-5.26	43.39	42.1	41.55	61.13	46.69	56.41	62.95	61.23	6.58	61.0	GPLGDGAVTLQEYLELKKALATSEAKVQQLMKVNSSLSDELRKLQREIHKLQAENLQLRQP	0.08	0.05	0.03	0.03	0.0	0.11	0.1	0.05	0.02	0.02	0.2	0.1	0.02	0.0	0.03	0.07	0.03	0.0	0.02	0.05	0.0	0.39	0.03	0.02	0.3	0.56
50	50	50	2wpq	3	294	297	0.99	3.0	author	3.0	trimeric	-5.26	42.82	41.44	39.67	61.74	47.52	56.49	61.29	61.83	3.17	99.0	MKQIEDKIEEILSKIYHIENEIARIKKLIFDTNEKVDQNTADITTNTNSINQNTTDIATNTTNINNLSDSMKQIEDKIEEILSKIYHIENEIARIKKLI	0.04	0.02	0.12	0.07	0.0	0.04	0.11	0.0	0.02	0.2	0.05	0.11	0.02	0.01	0.0	0.05	0.1	0.0	0.02	0.01	0.0	0.33	0.0	0.03	0.33	0.64
51	51	51	2wpr	3	291	291	1.0	3.0	author	3.0	trimeric	-4.26	44.21	41.9	40.51	62.49	48.16	57.0	62.13	62.58	2.7	97.0	IEDKIEEILSKIYHIENEIARIKKLIEKVDQNTADITTNTNSINQNTTDIATNTTNINNLSDSITTLMKQIEDKIEEILSKIYHIENEIARIKKLIK	0.04	0.02	0.11	0.06	0.0	0.03	0.11	0.0	0.02	0.22	0.06	0.11	0.01	0.0	0.0	0.05	0.11	0.0	0.02	0.01	0.0	0.34	0.0	0.02	0.33	0.64
52	52	52	2wps	3	294	294	1.0	3.0	author	3.0	trimeric	-5.26	43.87	41.92	40.13	62.29	47.93	56.84	62.02	62.38	2.44	98.0	QIEDKIEEILSKIYHIENEIARIKKLIEKVDQNTADITTNTNSINQNTTDIATNTTNINNLSDSITTLMKQIEDKIEEILSKIYHIENEIARIKKLIK	0.04	0.02	0.11	0.06	0.0	0.04	0.11	0.0	0.02	0.21	0.06	0.11	0.01	0.0	0.0	0.05	0.11	0.0	0.02	0.01	0.0	0.34	0.0	0.02	0.33	0.64
53	53	53	2wpz	3	88	97	0.91	3.0	author	3.0	trimeric	-5.26	38.0	35.64	42.59	56.15	44.16	50.77	54.14	56.26	6.15	31.0	RMKQLEDKVEENLSKVYHNENEVARLKKLVG	0.03	0.06	0.1	0.03	0.0	0.03	0.16	0.03	0.03	0.0	0.13	0.16	0.03	0.0	0.0	0.03	0.0	0.0	0.03	0.13	0.0	0.32	0.0	0.03	0.45	0.75
54	54	54	2xg7	2	157	157	1.0	2.0	software	2.0	dimeric	-5.26	42.75	40.0	38.2	60.84	47.4	57.81	62.03	60.93	10.59	82.0	QELTEAQKGFQDVEAQAATCNHTVMALMASLDAEKAQGQKKVEELEGEITTLNHKLQDASAEVERLRRENQVLSVRIADKGT	0.13	0.05	0.04	0.05	0.01	0.1	0.13	0.05	0.02	0.02	0.1	0.07	0.02	0.01	0.0	0.04	0.07	0.0	0.0	0.07	0.0	0.37	0.0	0.01	0.33	0.75
55	55	55	2xu6	2	127	127	1.0	2.0	author	2.0	dimeric	-5.26	41.74	40.14	40.96	60.0	45.85	55.46	58.81	60.1	7.42	63.0	GPQTLVNSLEFLNIQKNSTUSEIRDIEVEVENLRQKKEKLLGKIANIEQNQLULEDNLKQIDD	0.02	0.03	0.11	0.06	0.0	0.1	0.13	0.03	0.0	0.1	0.14	0.1	0.0	0.02	0.02	0.05	0.03	0.0	0.0	0.05	0.03	0.33	0.02	0.02	0.32	0.56
56	56	56	2z2t	6	201	207	0.97	6.0	author	6.0	hexameric	-5.26	49.22	51.79	47.72	65.47	54.55	62.65	68.29	65.55	7.0	36.0	SDIVQQQNNLLRAIEAQQHLLQLTVWGIKQLQARIL	0.08	0.06	0.06	0.03	0.0	0.22	0.03	0.03	0.03	0.11	0.19	0.03	0.0	0.0	0.0	0.03	0.03	0.03	0.0	0.06	0.0	0.47	0.0	0.03	0.17	0.6
57	57	57	2zfc	3	123	132	0.93	3.0	author	3.0	trimeric	-5.27	51.04	51.04	49.42	65.99	54.89	62.71	68.9	66.08	8.17	44.0	VSGLVQQQNNILRALEATQHAVQALVWGVKQLQARVLALERYIK	0.14	0.07	0.05	0.0	0.0	0.16	0.05	0.05	0.02	0.05	0.16	0.05	0.0	0.0	0.0	0.02	0.02	0.02	0.02	0.14	0.0	0.5	0.0	0.05	0.18	0.83
58	58	58	2zta	2	62	62	1.0	2.0	author	2.0	dimeric	-5.26	40.47	36.8	45.23	57.65	45.9	51.85	55.71	57.76	6.16	31.0	RMKQLEDKVEELLSKNYHLENEVARLKKLVG	0.03	0.06	0.06	0.03	0.0	0.03	0.16	0.03	0.03	0.0	0.19	0.16	0.03	0.0	0.0	0.03	0.0	0.0	0.03	0.1	0.0	0.35	0.0	0.03	0.45	0.75
59	59	59	3a7p	2	161	164	0.98	2.0	author	2.0	dimeric	-5.26	42.88	40.19	41.24	60.15	46.35	55.01	60.63	60.25	10.74	88.0	GNIVSHDDALLNTLAILQKELKSKEQEIRRLKEVIALKNKNTERLNAALISGTIENNVLQQKLSDLKKEHSQLVARWLKKTEKETEAM	0.08	0.05	0.08	0.03	0.0	0.06	0.11	0.02	0.02	0.07	0.16	0.14	0.01	0.0	0.0	0.06	0.06	0.01	0.0	0.05	0.0	0.38	0.0	0.01	0.35	0.38
60	60	60	3aha	6	210	210	1.0	6.0	author	6.0	hexameric	-5.17	49.22	51.79	47.72	65.47	54.55	62.65	68.29	65.55	7.0	36.0	SDIVQQQNNLLRAIEAQQHLLQLTVWGIKQLQARIL	0.08	0.06	0.06	0.03	0.0	0.22	0.03	0.03	0.03	0.11	0.19	0.03	0.0	0.0	0.0	0.03	0.03	0.03	0.0	0.06	0.0	0.47	0.0	0.03	0.17	0.6
61	61	61	3bas	2	152	167	0.91	2.0	author	2.0	dimeric	-5.26	36.21	32.94	37.78	55.47	41.91	49.44	53.11	55.57	7.79	80.0	ARQEEEMKEQLKQMDKMKEDLAKTERIKKELEEQNVTLLEQKNDLFGSMKQLEDKVEELLSKNYHLENEVARLKKLVGER	0.04	0.05	0.05	0.05	0.0	0.08	0.2	0.02	0.01	0.01	0.15	0.16	0.05	0.01	0.0	0.02	0.02	0.0	0.01	0.05	0.0	0.31	0.0	0.03	0.47	0.45
62	62	62	3cve	4	258	261	0.99	4.0	author	4.0	tetrameric	-6.26	39.17	37.0	40.92	57.35	45.1	53.61	56.2	57.45	4.76	68.0	HNSHUKLQEVEIRNKDLEGQLSEUEQRLEKSQSEQDAFRSNLKTLLEILDGKIFELTELRDNLAKLLE	0.03	0.06	0.06	0.06	0.0	0.07	0.16	0.03	0.03	0.04	0.19	0.09	0.0	0.03	0.0	0.07	0.03	0.0	0.0	0.01	0.03	0.31	0.0	0.03	0.4	0.3
63	63	63	3cvf	4	278	286	0.97	4.0	author	4.0	tetrameric	-5.27	41.32	36.29	42.48	57.34	47.23	56.19	56.63	57.42	6.65	70.0	ETQQKVQDLETRNAELEHQLRAUERSLEEARAERERARAEVGRAAQLLDVSLFELSELREGLARLAEAAP	0.17	0.14	0.01	0.03	0.0	0.07	0.2	0.03	0.01	0.0	0.16	0.01	0.0	0.01	0.01	0.04	0.03	0.0	0.0	0.04	0.01	0.4	0.01	0.01	0.4	0.5
64	64	64	3f4y	6	206	222	0.93	6.0	author	6.0	hexameric	-5.26	50.18	53.1	48.7	66.45	55.26	63.58	70.06	66.53	6.97	36.0	SGIVQQQNNLLRAIEAQQHLLQLTVWGIKQLQARIL	0.08	0.06	0.06	0.0	0.0	0.22	0.03	0.06	0.03	0.11	0.19	0.03	0.0	0.0	0.0	0.03	0.03	0.03	0.0	0.06	0.0	0.47	0.0	0.03	0.14	0.6
65	65	65	3f89	2	162	165	0.98	2.0	author	2.0	dimeric	-5.26	39.3	37.6	38.29	58.4	44.9	52.87	56.17	58.48	5.74	83.0	EDLRQQLQQAEEALVAKQELIDKLKEEAEQHNIVMETVPVLKAQADIYKADFQAERHAREKLVEKKEYLQEQLEQLQREFNKL	0.11	0.05	0.02	0.05	0.0	0.14	0.18	0.0	0.02	0.04	0.13	0.11	0.01	0.02	0.01	0.0	0.01	0.0	0.02	0.06	0.0	0.39	0.01	0.05	0.41	0.42
66	66	66	3g1e	2	66	74	0.89	2.0	author	2.0	dimeric	-6.25	44.08	41.14	46.62	61.05	49.05	56.44	58.34	61.15	4.79	37.0	NEKVELQELNDRFANLIDKVRFLEQQNKILLAELEQL	0.05	0.05	0.11	0.05	0.0	0.11	0.16	0.0	0.0	0.05	0.22	0.08	0.0	0.05	0.0	0.0	0.0	0.0	0.0	0.05	0.0	0.43	0.0	0.05	0.35	0.8
67	67	67	3gjp	3	81	104	0.78	3.0	author	3.0	trimeric	-5.26	38.95	35.27	43.53	56.74	45.12	51.85	54.89	56.84	7.65	35.0	GSRMKQLEDKVEELLSKNYHLENEIARIKKLVGER	0.03	0.09	0.06	0.03	0.0	0.03	0.17	0.06	0.03	0.06	0.14	0.14	0.03	0.0	0.0	0.06	0.0	0.0	0.03	0.06	0.0	0.31	0.0	0.03	0.46	0.6
68	68	68	3gwo	2	91	94	0.97	2.0	author	2.0	dimeric	-5.26	39.87	49.39	42.55	63.47	50.88	58.77	63.64	63.57	8.17	53.0	WDREINNYTSLIHSLIEESQNQQEKNEQELLELDKWASLWNWFNITNWLWYIK	0.02	0.02	0.13	0.04	0.0	0.08	0.13	0.0	0.02	0.09	0.13	0.06	0.0	0.02	0.0	0.08	0.04	0.11	0.04	0.0	0.0	0.38	0.0	0.17	0.26	0.5
69	69	69	3h01	2	97	100	0.97	2.0	author	2.0	dimeric	-5.17	40.84	49.05	43.35	64.01	51.46	59.12	63.82	64.11	9.4	54.0	EWDREINNYTSLIHSLIEESQNQQEKLEQELLELDKWASLWNWFNITNWLWYIK	0.02	0.02	0.11	0.04	0.0	0.07	0.15	0.0	0.02	0.09	0.15	0.06	0.0	0.02	0.0	0.07	0.04	0.11	0.04	0.0	0.0	0.39	0.0	0.17	0.28	0.5
70	70	70	3hfc	3	58	77	0.75	3.0	author	3.0	trimeric	-5.18	40.5	38.54	38.45	55.43	45.79	54.47	56.56	55.51	5.77	27.0	SNTIGARLNRVEDKVTQUDQRUALITD	0.07	0.11	0.07	0.11	0.0	0.07	0.04	0.04	0.0	0.07	0.07	0.04	0.0	0.0	0.0	0.04	0.11	0.0	0.0	0.07	0.07	0.3	0.0	0.0	0.3	0.25
71	71	71	3hfe	3	58	79	0.73	3.0	author	3.0	trimeric	-6.17	44.85	41.61	43.38	59.74	49.57	58.3	61.07	59.84	6.4	27.0	SNTIGARLNRVEDKVTQLDQRLALITD	0.07	0.11	0.07	0.11	0.0	0.07	0.04	0.04	0.0	0.07	0.15	0.04	0.0	0.0	0.0	0.04	0.11	0.0	0.0	0.07	0.0	0.37	0.0	0.0	0.3	0.5
72	72	72	3jsv	4	187	322	0.58	4.0	author	4.0	tetrameric	-5.26	44.47	42.6	41.75	62.26	49.26	58.04	63.68	62.35	3.07	76.0	MQIFVKTLTGKTITLEVEPSDTIENVKAKIQDKEGIPPDQQRLIFAGKQLEDGRTLSDYNIQRESTLHLVLRLRGG	0.03	0.07	0.03	0.07	0.0	0.08	0.08	0.08	0.01	0.09	0.12	0.08	0.01	0.03	0.04	0.04	0.09	0.0	0.01	0.05	0.0	0.37	0.04	0.04	0.3	0.36
73	73	73	3k7z	3	88	91	0.97	3.0	author	3.0	trimeric	-4.26	42.37	37.15	45.49	58.81	46.81	52.81	57.0	58.92	7.05	31.0	RMKQLEDKVEELLSKAYHLENEVARLKKLVG	0.06	0.06	0.03	0.03	0.0	0.03	0.16	0.03	0.03	0.0	0.19	0.16	0.03	0.0	0.0	0.03	0.0	0.0	0.03	0.1	0.0	0.39	0.0	0.03	0.45	1.0
74	74	74	3klt	4	274	283	0.97	4.0	author	4.0	tetrameric	-4.26	38.59	38.83	37.33	56.94	44.37	53.99	57.73	57.03	12.42	71.0	DLTAALRDVRQQYESVAAKNLQEAEEWYKSKFADLSEAANRNNDALRQAKQESTEYRRQVQSLTCEVDALK	0.15	0.08	0.06	0.07	0.01	0.1	0.11	0.0	0.0	0.0	0.1	0.07	0.0	0.01	0.0	0.07	0.04	0.01	0.04	0.06	0.0	0.34	0.0	0.07	0.34	0.5
75	75	75	3lbw	4	88	88	1.0	4.0	author	4.0	tetrameric	-5.26	72.52	62.43	68.95	81.21	72.14	77.45	82.58	81.31	3.94	22.0	PLVVAASIIAILHLILWILDRL	0.14	0.05	0.0	0.05	0.0	0.0	0.0	0.0	0.05	0.23	0.27	0.0	0.0	0.0	0.05	0.05	0.0	0.05	0.0	0.09	0.0	0.82	0.05	0.05	0.14	1.0
76	76	76	3ljm	3	81	87	0.93	3.0	author	3.0	trimeric	-5.26	42.91	37.02	38.91	62.0	45.96	55.43	60.03	62.11	4.2	29.0	EWEALEKKCAALESKLQALEKKLEALEHG	0.17	0.0	0.0	0.0	0.03	0.03	0.24	0.03	0.03	0.0	0.21	0.17	0.0	0.0	0.0	0.03	0.0	0.03	0.0	0.0	0.0	0.41	0.0	0.03	0.45	0.5
77	77	77	3m91	4	143	152	0.94	4.0	author	4.0	tetrameric	-5.26	42.41	38.13	43.96	57.56	48.08	56.21	57.99	57.64	5.97	45.0	SARDIHQLEARIDSLAARNSKLMETLKEARQQLLALREEVDRLGQ	0.13	0.13	0.02	0.07	0.0	0.09	0.11	0.02	0.02	0.04	0.18	0.04	0.02	0.0	0.0	0.07	0.02	0.0	0.0	0.02	0.0	0.4	0.0	0.0	0.38	0.67
78	78	78	3ni0	2	172	182	0.95	2.0	author	2.0	dimeric	-5.26	41.29	41.62	39.78	58.28	46.96	56.57	61.51	58.38	11.47	95.0	ACRDGLRAQAECRNTTHLLQRQLTRTQDSLLQAETQANSCNLTVVTLQESLEKKVSQALEQQARIKELENEVTKLNQELENLRIQKETSSTVQVN	0.07	0.07	0.07	0.02	0.03	0.14	0.12	0.01	0.01	0.02	0.15	0.05	0.0	0.0	0.0	0.06	0.11	0.0	0.0	0.06	0.0	0.31	0.0	0.0	0.27	0.43
79	79	79	3q8t	2	183	189	0.97	2.0	author	2.0	dimeric	-5.26	34.73	32.67	36.81	54.33	41.28	49.59	51.42	54.41	3.04	94.0	GSDSEQLQRELKELALEEERLIQELEDVEKNRKVVAENLEKVQAEAERLDQEEAQYQREYSEFKRQQLELDDELKSVENQMRYAQMQLDKLKKK	0.06	0.07	0.03	0.06	0.0	0.13	0.21	0.01	0.0	0.01	0.14	0.11	0.02	0.01	0.0	0.04	0.0	0.0	0.03	0.05	0.0	0.3	0.0	0.04	0.46	0.46
80	80	80	3r46	6	180	180	1.0	6.0	author	6.0	hexameric	-4.26	49.3	41.47	38.07	66.73	48.02	59.01	65.07	66.83	6.25	30.0	GELKAIAQELKAIAKELKAIAWEDKAIAQG	0.27	0.0	0.0	0.03	0.0	0.07	0.13	0.07	0.0	0.13	0.1	0.17	0.0	0.0	0.0	0.0	0.0	0.03	0.0	0.0	0.0	0.53	0.0	0.03	0.33	0.75
81	81	81	3r4a	4	111	117	0.95	4.0	author	4.0	tetrameric	-4.26	53.69	43.87	42.99	69.0	50.81	60.45	67.6	69.1	2.64	28.0	GELAAIKQELAAIKKELAAIKWELAAIK	0.29	0.0	0.0	0.0	0.0	0.04	0.14	0.04	0.0	0.14	0.14	0.18	0.0	0.0	0.0	0.0	0.0	0.04	0.0	0.0	0.0	0.61	0.0	0.04	0.32	0.75
82	82	82	3rk3	5	265	276	0.96	5.0	author	5.0	pentameric	-3.26	40.72	38.01	42.06	56.09	47.2	54.67	55.71	56.17	7.18	34.0	GSNRRLQQTQAQVDEVVDIMRVNVDKVLERDQKL	0.03	0.12	0.06	0.12	0.0	0.15	0.06	0.03	0.0	0.03	0.09	0.06	0.03	0.0	0.0	0.03	0.03	0.0	0.0	0.18	0.0	0.35	0.0	0.0	0.35	0.4
83	83	83	3s4r	2	171	179	0.96	2.0	author	2.0	dimeric	-4.26	38.99	35.39	43.61	55.98	46.05	52.89	53.28	56.07	15.04	88.0	NEKVELQELNDRFANLIDKVRFLEQQNKILLAELEQLKGQGKSRLGDLYEEEMRELRRQVDQLTNDKARVEVERDNLAEDIMRLREKL	0.05	0.11	0.07	0.08	0.0	0.08	0.16	0.03	0.0	0.03	0.17	0.08	0.02	0.02	0.0	0.01	0.01	0.0	0.01	0.06	0.0	0.35	0.0	0.03	0.43	0.62
84	84	84	3ssu	2	85	85	1.0	2.0	author	2.0	dimeric	-5.26	36.62	31.63	44.34	52.56	45.87	51.52	49.32	52.64	11.73	46.0	SRLGDLYEEEMRELRRQVDQLTNDKARVEVERDNLAEDIMRLREKL	0.04	0.17	0.04	0.11	0.0	0.04	0.17	0.02	0.0	0.02	0.15	0.04	0.04	0.0	0.0	0.02	0.02	0.0	0.02	0.07	0.0	0.33	0.0	0.02	0.5	0.57
85	85	85	3swk	2	164	171	0.96	2.0	author	2.0	dimeric	-4.26	38.37	34.27	42.44	54.93	46.02	52.92	52.85	55.01	2.64	86.0	EMRELRRQVDQLTNDKARVEVERDNLAEDIMRLREKLQEEMLQREEAENTLQSFRQDVDNASLARLDLERKVESLQEEIAFLKKLH	0.07	0.13	0.05	0.08	0.0	0.08	0.17	0.0	0.01	0.02	0.15	0.06	0.03	0.02	0.0	0.03	0.02	0.0	0.0	0.06	0.0	0.36	0.0	0.02	0.45	0.58
86	86	86	3swy	3	132	138	0.96	3.0	author	3.0	trimeric	-5.26	43.84	43.28	42.53	61.02	48.1	57.41	64.51	61.12	9.81	46.0	GALEEKVEQLGSSLDTLQTRFARLLAEYNATQMKMKQRLSQLESQV	0.09	0.07	0.02	0.02	0.0	0.13	0.11	0.04	0.0	0.0	0.17	0.07	0.04	0.02	0.0	0.09	0.07	0.0	0.02	0.04	0.0	0.37	0.0	0.04	0.26	0.71
87	87	87	3t97	3	168	168	1.0	3.0	author	3.0	trimeric	-5.26	39.94	35.97	40.05	58.63	45.59	53.76	56.16	58.72	6.2	56.0	WDRTLIENGEKITSLHREVEKVKLDQKRLDQELDFILSQQKELEDLLSPLEESVKE	0.0	0.05	0.02	0.09	0.0	0.07	0.18	0.02	0.02	0.05	0.18	0.11	0.0	0.02	0.02	0.07	0.04	0.02	0.0	0.05	0.0	0.34	0.02	0.04	0.45	0.5
88	88	88	3trt	2	138	148	0.93	2.0	author	2.0	dimeric	-4.26	36.92	37.74	34.84	55.7	42.49	52.62	56.79	55.79	10.48	75.0	SKPDCTAAURDVRQQYESVAAKNLQEAEEWYKSKFADLSEAANRNNDALRQAKQESTEYRRQVQSLTUEVDALKG	0.15	0.08	0.05	0.07	0.01	0.09	0.11	0.01	0.0	0.0	0.07	0.08	0.0	0.01	0.01	0.08	0.04	0.01	0.04	0.05	0.03	0.31	0.01	0.07	0.33	0.36
89	89	89	3tsi	4	186	199	0.93	4.0	author	4.0	tetrameric	-5.26	55.88	53.73	49.44	71.52	55.12	67.86	77.07	71.63	9.79	50.0	SPSSGLGSITDLLNNILSVANQIIYNSAVALPLQLDTLESTLLTAIKSLQ	0.08	0.0	0.08	0.04	0.0	0.06	0.02	0.04	0.0	0.1	0.22	0.02	0.0	0.0	0.04	0.16	0.08	0.0	0.02	0.04	0.0	0.48	0.04	0.02	0.08	0.86
90	90	90	3tyy	2	132	146	0.9	2.0	author	2.0	dimeric	-5.26	38.13	34.49	40.97	55.9	45.21	52.78	53.84	55.98	8.75	75.0	QKESRACLERIQELEDLLAKEKDNSRRMLTDKEREMAEIRDQMQQQLNDYEQLLDVKLALDMEISAYRKLLEGEE	0.07	0.09	0.03	0.09	0.01	0.09	0.17	0.01	0.0	0.04	0.16	0.08	0.05	0.0	0.0	0.04	0.01	0.0	0.03	0.01	0.0	0.33	0.0	0.03	0.44	0.27
91	91	91	3uia	3	158	158	1.0	3.0	author	3.0	trimeric	-5.26	47.56	49.98	47.53	63.58	52.92	60.44	66.25	63.67	8.99	53.0	QARQLLSGIVQQQNNLLRAIEAQQHLLQLTVWGLKQIQARILAVERYLKDQQL	0.09	0.08	0.04	0.02	0.0	0.23	0.04	0.04	0.02	0.08	0.21	0.04	0.0	0.0	0.0	0.02	0.02	0.02	0.02	0.06	0.0	0.45	0.0	0.04	0.19	0.62
92	92	92	3v2p	5	207	225	0.92	5.0	author	5.0	pentameric	-5.26	46.76	43.44	45.73	62.08	52.64	60.24	63.69	62.18	7.88	45.0	MDLAPQMLRELQETNAALQDVRELLRQQVKEITFLKNTVMECDAC	0.09	0.07	0.04	0.07	0.04	0.11	0.11	0.0	0.0	0.02	0.16	0.04	0.07	0.02	0.02	0.0	0.07	0.0	0.0	0.07	0.0	0.44	0.02	0.02	0.29	0.67
93	93	93	3v2r	5	205	225	0.91	5.0	author	5.0	pentameric	-4.26	46.76	43.44	45.73	62.08	52.64	60.24	63.69	62.18	7.88	45.0	MDLAPQMLRELQETNAALQDVRELLRQQVKEITFLKNTVMECDAC	0.09	0.07	0.04	0.07	0.04	0.11	0.11	0.0	0.0	0.02	0.16	0.04	0.07	0.02	0.02	0.0	0.07	0.0	0.0	0.07	0.0	0.44	0.02	0.02	0.29	0.67
94	94	94	3vie	6	215	215	1.0	6.0	author	6.0	hexameric	-6.25	48.98	52.47	47.23	65.72	54.42	62.96	69.37	65.81	6.82	35.0	SGIVQQQNNLLRAIEAQQHLLQLTVWGIKQLQARI	0.09	0.06	0.06	0.0	0.0	0.23	0.03	0.06	0.03	0.11	0.17	0.03	0.0	0.0	0.0	0.03	0.03	0.03	0.0	0.06	0.0	0.46	0.0	0.03	0.14	0.6
95	95	95	3vir	4	246	251	0.98	4.0	author	4.0	tetrameric	-4.26	43.14	41.56	42.3	61.1	49.49	57.22	61.27	61.2	5.83	69.0	HLLEQQKEQLESSLQDALAKLKNRDAKQTVQKHIDLLHTYNEIRDIALGMIGKVAEHEKCTSVELFDRF	0.07	0.04	0.03	0.07	0.01	0.09	0.1	0.03	0.06	0.06	0.14	0.1	0.01	0.03	0.0	0.04	0.04	0.0	0.01	0.04	0.0	0.36	0.0	0.04	0.38	0.4
96	96	96	3vop	3	112	123	0.91	3.0	author	3.0	trimeric	-5.26	38.8	36.88	38.43	56.29	43.65	50.46	56.03	56.39	10.26	40.0	ETLKQRLTNLEKKITNVTTKFEQIEKAAKRNDEVLFRLEN	0.05	0.08	0.1	0.02	0.0	0.05	0.15	0.0	0.0	0.05	0.12	0.15	0.0	0.05	0.0	0.0	0.12	0.0	0.0	0.05	0.0	0.33	0.0	0.05	0.4	0.5
97	97	97	3vp8	4	307	310	0.99	4.0	author	4.0	tetrameric	-5.26	37.4	41.3	39.37	57.62	45.25	53.28	58.31	57.71	10.7	75.0	SVSNTQNKLNELLDAIRQEFLQVSQEANTYRLQNQKDYDFKMNQQLAEMQQIRNTVYELELTHRKMKDAYEEEIK	0.05	0.05	0.09	0.05	0.0	0.13	0.12	0.0	0.01	0.04	0.11	0.08	0.04	0.03	0.0	0.04	0.05	0.0	0.05	0.04	0.0	0.31	0.0	0.08	0.32	0.45
98	98	98	3vtq	6	207	219	0.95	6.0	author	6.0	hexameric	-5.26	50.18	53.1	48.7	66.45	55.26	63.58	70.06	66.53	6.97	36.0	SGIVQQQNNLLRAIEAQQHLLQLTVWGIKQLQARIL	0.08	0.06	0.06	0.0	0.0	0.22	0.03	0.06	0.03	0.11	0.19	0.03	0.0	0.0	0.0	0.03	0.03	0.03	0.0	0.06	0.0	0.47	0.0	0.03	0.14	0.6
99	99	99	3zy0	4	77	112	0.69	4.0	software	4.0	tetrameric	-5.26	45.74	43.82	51.92	61.31	50.5	54.92	60.45	61.41	2.36	30.0	DELLYLPVRGRETYEULLKIKESLELUQYL	0.0	0.07	0.0	0.03	0.0	0.03	0.17	0.03	0.0	0.03	0.27	0.07	0.0	0.0	0.03	0.03	0.03	0.0	0.1	0.03	0.07	0.37	0.03	0.1	0.33	0.5
100	100	100	4bhv	4	212	228	0.93	4.0	author	4.0	tetrameric	-5.17	43.54	41.76	42.36	62.14	48.93	57.18	61.23	62.24	5.55	57.0	YDDELFSDVQDIKTALAKIHEDNQKIISKLESLLLLKGEVESIKKQINRQNISIHHH	0.04	0.02	0.05	0.09	0.0	0.07	0.09	0.02	0.07	0.14	0.12	0.12	0.0	0.02	0.0	0.09	0.02	0.0	0.02	0.04	0.0	0.35	0.0	0.04	0.39	0.5
101	101	101	4bl6	4	318	328	0.97	4.0	author	4.0	tetrameric	-5.26	44.82	40.69	44.24	59.54	48.79	56.57	59.87	59.63	7.72	82.0	IIVSDTUSKLRNELRLLKEDAATFSSLRAUFAARCEEYVTQVDDLNRQLEAAEEEKKTLNQLLRLAVQQKLALTQRLEEUEU	0.11	0.09	0.04	0.05	0.01	0.07	0.13	0.0	0.0	0.02	0.17	0.06	0.0	0.02	0.0	0.05	0.06	0.0	0.01	0.05	0.05	0.38	0.0	0.04	0.33	0.5
102	102	102	4bry	2	130	138	0.94	2.0	author	2.0	dimeric	-4.26	35.73	34.74	37.86	56.28	42.28	50.18	53.45	56.37	8.18	69.0	ENPSSQYWKEVAEKRRKALYEALKENEKLHKEIEQKDNEIARLKKENKELAEVAEHVQYMAELIERLNG	0.1	0.06	0.07	0.01	0.0	0.04	0.22	0.01	0.03	0.04	0.1	0.14	0.01	0.0	0.01	0.03	0.0	0.01	0.04	0.04	0.0	0.33	0.01	0.06	0.46	0.5
103	103	103	4bwn	2	169	172	0.98	2.0	author	2.0	dimeric	-5.26	39.47	37.16	36.57	58.42	43.45	52.15	56.57	58.5	7.13	86.0	QLEDLKQQLQQAEEALVAKQEVIDKLKEEAEQHNIVMETVPVLKAQADIYKADFQAERQAREKLAEKKELLQEQLEQLQREYSKLK	0.12	0.03	0.01	0.05	0.0	0.16	0.17	0.0	0.01	0.03	0.14	0.13	0.01	0.01	0.01	0.01	0.01	0.0	0.02	0.06	0.0	0.38	0.01	0.03	0.4	0.5
104	104	104	4c46	3	219	219	1.0	3.0	author	3.0	trimeric	-5.27	47.21	41.76	46.98	64.13	51.2	57.46	61.48	64.21	11.19	72.0	GMKQIEMKIEEILSKIYHIENEIARIKKLIEANDREINLVPASIKQIEWKIEEILSKIYHIENEIARIKKLI	0.06	0.04	0.06	0.01	0.0	0.03	0.17	0.01	0.03	0.25	0.07	0.14	0.03	0.0	0.01	0.04	0.0	0.01	0.03	0.01	0.0	0.44	0.01	0.04	0.39	0.9
105	105	105	4c7n	2	95	98	0.97	2.0	author	2.0	dimeric	-5.27	35.05	36.45	42.14	52.4	44.94	50.27	52.39	52.48	5.41	47.0	SSVDYIRKLQREQQRAKELENRQKKLEHANRHLLLRIQELEMQARAH	0.09	0.15	0.04	0.02	0.0	0.13	0.13	0.0	0.06	0.04	0.15	0.09	0.02	0.0	0.0	0.04	0.0	0.0	0.02	0.02	0.0	0.32	0.0	0.02	0.45	0.57
106	106	106	4cgc	3	83	83	1.0	3.0	author	3.0	trimeric	-5.28	42.55	39.18	37.26	58.97	46.12	57.15	60.18	59.05	1.92	28.0	TSDVQDRLSALESRVQQQEDEUTVLKAA	0.11	0.07	0.0	0.11	0.0	0.14	0.11	0.0	0.0	0.0	0.11	0.04	0.0	0.0	0.0	0.11	0.07	0.0	0.0	0.11	0.04	0.32	0.0	0.0	0.32	0.25
107	107	107	4dmd	2	60	64	0.94	2.0	author	2.0	dimeric	-7.25	40.47	36.8	45.23	57.65	45.9	51.85	55.71	57.76	6.16	31.0	RMKQLEDKVEELLSKNYHLENEVARLKKLVG	0.03	0.06	0.06	0.03	0.0	0.03	0.16	0.03	0.03	0.0	0.19	0.16	0.03	0.0	0.0	0.03	0.0	0.0	0.03	0.1	0.0	0.35	0.0	0.03	0.45	0.75
108	108	108	4dme	3	94	99	0.95	3.0	author	3.0	trimeric	-7.25	38.35	34.57	44.48	55.55	44.82	50.39	53.11	55.65	7.23	33.0	RMKQLEDKVEELLSKNYHLENEVARLKKLVGER	0.03	0.09	0.06	0.03	0.0	0.03	0.18	0.03	0.03	0.0	0.18	0.15	0.03	0.0	0.0	0.03	0.0	0.0	0.03	0.09	0.0	0.33	0.0	0.03	0.48	0.6
109	109	109	4g1a	3	77	77	1.0	3.0	author	3.0	trimeric	-5.26	53.46	44.0	42.4	67.52	52.35	63.1	67.99	67.61	2.85	26.0	IAALEQKIAALEQKCAACEQKIAALE	0.31	0.0	0.0	0.0	0.08	0.12	0.15	0.0	0.0	0.12	0.12	0.12	0.0	0.0	0.0	0.0	0.0	0.0	0.0	0.0	0.0	0.54	0.0	0.0	0.27	0.5
110	110	110	4gkw	2	294	316	0.93	2.0	author	2.0	dimeric	-4.26	36.4	34.66	36.63	56.14	42.41	51.8	54.73	56.24	6.34	158.0	EDKEDEVADLKQDTESLQKQLEENQEELEIVGNMLREEQGKVDQLQKRNVAHQKEIGKLRAELGTAQRNLEKADQLLKRNSQQQNQQSLDMRKLGELEADLKEKDSMVESLTETIGILRKELENEKLKAAENMDSFEKLSMENENLKEKIAHYRAQRF	0.06	0.06	0.06	0.06	0.0	0.1	0.17	0.04	0.01	0.03	0.13	0.11	0.03	0.01	0.0	0.04	0.03	0.0	0.01	0.03	0.0	0.3	0.0	0.02	0.42	0.48
111	111	111	4h7r	4	111	124	0.9	4.0	author	4.0	tetrameric	-4.17	52.48	45.22	41.06	69.56	51.35	61.05	67.96	69.63	8.06	31.0	GEIKAIAQEIKAIAKEIKAIAWEIKAIAQGY	0.26	0.0	0.0	0.0	0.0	0.06	0.13	0.06	0.0	0.26	0.0	0.16	0.0	0.0	0.0	0.0	0.0	0.03	0.03	0.0	0.0	0.55	0.0	0.06	0.29	1.0
112	112	112	4h8o	6	177	180	0.98	6.0	author	6.0	hexameric	-5.17	49.15	42.35	39.89	66.37	47.34	58.27	65.44	66.47	6.72	30.0	GELKAIAQELKAIAYELKAIAKENKAIAQG	0.27	0.0	0.03	0.0	0.0	0.07	0.13	0.07	0.0	0.13	0.1	0.17	0.0	0.0	0.0	0.0	0.0	0.0	0.03	0.0	0.0	0.5	0.0	0.03	0.3	0.75
113	113	113	4jnu	4	134	160	0.84	4.0	author	4.0	tetrameric	-5.26	46.02	43.09	45.57	63.69	51.07	58.42	61.77	63.79	9.65	40.0	SYYIDADLLREIKQHLKQQQEGLSHLISIIKDDLEDIKLV	0.02	0.02	0.0	0.12	0.0	0.1	0.08	0.02	0.05	0.15	0.18	0.1	0.0	0.0	0.0	0.08	0.0	0.0	0.05	0.02	0.0	0.38	0.0	0.05	0.38	0.33
114	114	114	4jnv	4	104	128	0.81	4.0	author	4.0	tetrameric	-5.26	45.45	46.08	46.11	63.7	51.35	58.43	64.09	63.78	7.98	31.0	SYYIDADLLREIKQHLKQQQEGLSHLISIIK	0.03	0.03	0.0	0.06	0.0	0.13	0.06	0.03	0.06	0.16	0.16	0.1	0.0	0.0	0.0	0.1	0.0	0.0	0.06	0.0	0.0	0.35	0.0	0.06	0.32	0.5
115	115	115	4jzp	2	102	102	1.0	2.0	author	2.0	dimeric	-5.26	38.21	34.12	34.98	56.55	40.58	51.01	55.51	56.66	6.11	52.0	DVGNAEVKLEEENRSLKADLQKLKDELASTKQKLEKAENQVLAURKQSEGLT	0.1	0.04	0.06	0.06	0.0	0.08	0.15	0.04	0.0	0.0	0.15	0.15	0.0	0.0	0.0	0.06	0.04	0.0	0.0	0.06	0.02	0.31	0.0	0.0	0.4	0.43
116	116	116	4kvt	6	178	181	0.98	6.0	author	6.0	hexameric	-4.26	51.52	43.55	40.8	67.75	50.5	60.87	67.4	67.84	6.99	30.0	GELKAIAQELKAIAKELKAIAWECKAIAQG	0.27	0.0	0.0	0.0	0.03	0.07	0.13	0.07	0.0	0.13	0.1	0.17	0.0	0.0	0.0	0.0	0.0	0.03	0.0	0.0	0.0	0.53	0.0	0.03	0.3	0.75
117	117	117	4l9u	2	74	91	0.81	2.0	author	2.0	dimeric	-5.26	41.02	42.39	38.22	61.1	44.99	54.49	61.53	61.2	4.16	49.0	LPTYQELEQEINTLKADNDALKIQLKYAQKKIESLQLEKSNHVLAQMEQ	0.08	0.0	0.06	0.04	0.0	0.14	0.12	0.0	0.02	0.06	0.16	0.12	0.02	0.0	0.02	0.04	0.04	0.0	0.04	0.02	0.0	0.37	0.02	0.04	0.31	0.43
118	118	118	4lku	5	97	130	0.75	5.0	author	5.0	pentameric	-4.26	40.72	37.4	36.36	59.59	43.5	55.04	59.55	59.69	3.7	29.0	EPAAAPAPTKEEVLLTEIRDLLKEQNNRS	0.14	0.07	0.07	0.03	0.0	0.03	0.17	0.0	0.0	0.03	0.14	0.07	0.0	0.0	0.1	0.03	0.07	0.0	0.0	0.03	0.0	0.45	0.1	0.0	0.34	0.5
119	119	119	4m3l	4	224	228	0.98	4.0	software	4.0	tetrameric	-5.26	43.46	41.39	38.8	62.55	46.91	56.79	62.68	62.64	11.45	60.0	GAMDTLYAILDEKKSELLQRITQEQEEKLSFIEALIQQYQEQLDKSTKLVETAIQSLDEP	0.07	0.02	0.0	0.07	0.0	0.13	0.15	0.02	0.0	0.08	0.15	0.08	0.02	0.02	0.02	0.07	0.07	0.0	0.03	0.02	0.0	0.37	0.02	0.05	0.32	0.44
120	120	120	4n3y	3	192	201	0.96	3.0	author	3.0	trimeric	-5.26	39.55	36.03	39.61	57.75	46.65	54.27	54.33	57.83	12.02	35.0	QLNERQERIMNEAKKLEKDLIDWTDGIAREVQDIV	0.06	0.09	0.06	0.11	0.0	0.09	0.14	0.03	0.0	0.11	0.09	0.09	0.03	0.0	0.0	0.0	0.03	0.03	0.0	0.06	0.0	0.37	0.0	0.03	0.43	0.6
121	121	121	4n6j	2	96	96	1.0	2.0	author	2.0	dimeric	-5.26	35.8	32.18	36.98	51.18	41.19	47.89	49.66	51.26	5.7	49.0	STUDWEVERAELQARIAULQGERKGQENLKKDLVRRIKULEUALKQERA	0.1	0.12	0.02	0.04	0.0	0.08	0.14	0.04	0.0	0.04	0.12	0.1	0.0	0.0	0.0	0.02	0.02	0.02	0.0	0.04	0.08	0.33	0.0	0.02	0.41	0.43
122	122	122	4nj0	2	57	64	0.89	2.0	author	2.0	dimeric	-5.26	40.41	36.62	45.6	57.26	45.89	51.11	54.9	57.37	6.34	31.0	RMKQLEDKIEELLSKNYHLENEVARLKKLVG	0.03	0.06	0.06	0.03	0.0	0.03	0.16	0.03	0.03	0.03	0.19	0.16	0.03	0.0	0.0	0.03	0.0	0.0	0.03	0.06	0.0	0.35	0.0	0.03	0.45	0.75
123	123	123	4nj1	2	57	64	0.89	2.0	author	2.0	dimeric	-5.26	40.68	37.1	45.31	58.15	46.23	52.09	55.91	58.25	6.51	31.0	RMKQLEDKIEELLSKNYHLENEIARLKKLVG	0.03	0.06	0.06	0.03	0.0	0.03	0.16	0.03	0.03	0.06	0.19	0.16	0.03	0.0	0.0	0.03	0.0	0.0	0.03	0.03	0.0	0.35	0.0	0.03	0.45	0.75
124	124	124	4nj2	2	62	66	0.94	2.0	author	2.0	dimeric	-5.26	38.65	35.0	44.59	56.25	45.29	50.72	53.39	56.34	7.7	33.0	RMKQLEDKIEELLSKNYHLENEIARLKKLIGER	0.03	0.09	0.06	0.03	0.0	0.03	0.18	0.03	0.03	0.09	0.18	0.15	0.03	0.0	0.0	0.03	0.0	0.0	0.03	0.0	0.0	0.33	0.0	0.03	0.48	0.6
125	125	125	4owi	2	60	66	0.91	2.0	software	2.0	dimeric	-5.26	47.95	44.23	51.41	63.83	52.59	58.36	64.23	63.94	3.07	33.0	GSMRMKQLEDKVGELLFSNYWLELEVARLKKLV	0.03	0.06	0.03	0.03	0.0	0.03	0.12	0.06	0.0	0.0	0.21	0.12	0.06	0.03	0.0	0.06	0.0	0.03	0.03	0.09	0.0	0.45	0.0	0.09	0.33	0.6
126	126	126	4oxm	3	110	113	0.97	3.0	author	3.0	trimeric	-5.26	40.0	39.97	41.59	60.6	48.1	55.65	58.25	60.68	9.75	38.0	WGSIDQINGKLNRVIEKFHQIEKEFSEVEGRIQDLEKY	0.0	0.05	0.05	0.05	0.0	0.08	0.16	0.08	0.03	0.13	0.05	0.11	0.0	0.05	0.0	0.05	0.0	0.03	0.03	0.05	0.0	0.32	0.0	0.11	0.39	0.8
127	127	127	4pas	2	74	74	1.0	2.0	author	2.0	dimeric	-5.26	32.79	27.51	38.25	51.61	40.28	47.61	47.51	51.69	7.62	35.0	EEEKSRLLEKENRELEKIIAEKEERVSELRHQLQS	0.03	0.11	0.03	0.0	0.0	0.06	0.31	0.0	0.03	0.06	0.14	0.11	0.0	0.0	0.0	0.09	0.0	0.0	0.0	0.03	0.0	0.26	0.0	0.0	0.57	0.4
128	128	128	4pn9	6	177	177	1.0	6.0	software	6.0	hexameric	-5.26	47.93	39.12	40.28	64.13	45.35	54.92	64.14	64.24	10.03	29.0	GEIAKSLKEIAKSLKEIAWSLKEIAKSLK	0.14	0.0	0.0	0.0	0.0	0.0	0.14	0.03	0.0	0.14	0.14	0.24	0.0	0.0	0.0	0.14	0.0	0.03	0.0	0.0	0.0	0.45	0.0	0.03	0.38	0.75
129	129	129	4pna	7	202	208	0.97	7.0	software	7.0	heptameric	-5.26	52.0	43.97	41.41	68.4	49.99	60.37	67.57	68.5	9.61	30.0	GEIAQALKEIAKALKEIAWALKEIAQALKG	0.27	0.0	0.0	0.0	0.0	0.07	0.13	0.07	0.0	0.13	0.13	0.17	0.0	0.0	0.0	0.0	0.0	0.03	0.0	0.0	0.0	0.57	0.0	0.03	0.3	0.75
130	130	130	4pnd	5	140	149	0.94	5.0	author	5.0	pentameric	-6.26	48.15	45.22	47.31	66.22	51.01	58.39	63.48	66.31	10.67	30.0	GNILQKIENILKKIENILWKIENILQKIEG	0.0	0.0	0.13	0.0	0.0	0.07	0.13	0.07	0.0	0.27	0.13	0.17	0.0	0.0	0.0	0.0	0.0	0.03	0.0	0.0	0.0	0.43	0.0	0.03	0.3	0.75
131	131	131	4qkw	3	287	297	0.97	3.0	author	3.0	trimeric	-4.26	44.4	40.74	42.33	59.41	48.29	56.91	62.19	59.5	10.27	101.0	PVSALSILSLLERVSTIIDGVQASQQRMEERQQQLEGSVSAVQSELLKLARDHGATATTVDKLLQKARRVSTHVKEVRSRVEKQNVRVKKVETTQDELLTR	0.07	0.1	0.01	0.04	0.0	0.1	0.09	0.03	0.02	0.03	0.12	0.07	0.01	0.0	0.01	0.1	0.08	0.0	0.0	0.13	0.0	0.37	0.01	0.0	0.32	0.64
132	132	132	4u5t	2	74	74	1.0	2.0	author	2.0	dimeric	-5.26	44.11	36.7	43.69	59.25	48.58	56.55	58.01	59.34	5.09	37.0	DPDLEIRAAFLEKENTALRTEVAELRKEVGRCKNIVS	0.11	0.11	0.05	0.05	0.03	0.0	0.16	0.03	0.0	0.05	0.11	0.08	0.0	0.03	0.03	0.03	0.05	0.0	0.0	0.08	0.0	0.41	0.03	0.03	0.41	0.4
133	133	133	4uot	5	160	165	0.97	5.0	software	5.0	pentameric	-5.26	43.1	38.5	43.12	60.26	45.05	49.72	58.51	60.36	10.34	33.0	TQEYLLKEIMKLLKEQIKLLKEQIKMLKELEKQ	0.0	0.0	0.0	0.0	0.0	0.12	0.18	0.0	0.0	0.09	0.24	0.24	0.06	0.0	0.0	0.0	0.03	0.0	0.03	0.0	0.0	0.39	0.0	0.03	0.42	0.6
134	134	134	4w7y	2	121	128	0.95	2.0	author	2.0	dimeric	-5.26	37.33	33.71	36.16	55.81	41.7	50.98	53.86	55.91	11.47	64.0	SUDEECVLEAENKKLVEDQEKLKTELRKTSDALSKAQNDVUEUKUQSERLSKEYDQLLKEHSEL	0.05	0.03	0.03	0.08	0.02	0.06	0.19	0.0	0.02	0.0	0.14	0.14	0.0	0.0	0.0	0.09	0.03	0.0	0.02	0.05	0.06	0.23	0.0	0.02	0.45	0.22
135	135	135	4w7z	4	224	247	0.91	4.0	author	4.0	tetrameric	-5.26	37.32	33.45	36.89	56.42	42.53	51.62	55.54	56.52	11.04	64.0	SMDEECVLEAENKKLVEDQEKLKTELRKTSDALSKAQNDVMEMKMQSERLSKEYDQLLKEHSEL	0.05	0.03	0.03	0.08	0.02	0.06	0.19	0.0	0.02	0.0	0.14	0.14	0.06	0.0	0.0	0.09	0.03	0.0	0.02	0.05	0.0	0.3	0.0	0.02	0.45	0.33
136	136	136	4w80	4	223	245	0.91	4.0	author	4.0	tetrameric	-5.26	37.32	33.45	36.89	56.42	42.53	51.62	55.54	56.52	11.04	64.0	SMDEECVLEAENKKLVEDQEKLKTELRKTSDALSKAQNDVMEMKMQSERLSKEYDQLLKEHSEL	0.05	0.03	0.03	0.08	0.02	0.06	0.19	0.0	0.02	0.0	0.14	0.14	0.06	0.0	0.0	0.09	0.03	0.0	0.02	0.05	0.0	0.3	0.0	0.02	0.45	0.33
137	137	137	4wba	5	206	207	1.0	5.0	author	5.0	pentameric	-5.26	45.42	38.02	47.29	58.71	50.42	54.14	57.65	58.79	14.25	42.0	IEKQMDRVVKEMRRQLEMIDKLTTRAIEAVELLKRIYDKLTV	0.05	0.12	0.0	0.07	0.0	0.05	0.12	0.0	0.0	0.1	0.12	0.12	0.07	0.0	0.0	0.0	0.07	0.0	0.02	0.1	0.0	0.43	0.0	0.02	0.43	0.67
138	138	138	4wy4	4	259	265	0.98	4.0	author	4.0	tetrameric	-5.26	38.59	39.68	40.49	57.23	46.87	54.16	58.06	57.32	5.41	64.0	DRVRNLQSEVEGVKNIMTQNVERILARGENLEHLRNKTEDLEATSEHFKTTSQKVARKFWWKNV	0.05	0.09	0.09	0.03	0.0	0.05	0.12	0.03	0.03	0.03	0.08	0.09	0.02	0.03	0.0	0.05	0.08	0.03	0.0	0.09	0.0	0.33	0.0	0.06	0.38	0.56
139	139	139	4ytd	2	195	195	1.0	2.0	author	2.0	dimeric	-6.26	38.58	37.41	36.07	56.21	43.6	52.31	56.66	56.3	6.1	96.0	GPGNKYENEKAUVTETUTKLRNELKALKEDAATFSSLRAUFATRCDEYVTQLDEUQRQLAAAEDEKKTLNTLLRUAIQQKLALTQRLEDLEFDHEQ	0.11	0.06	0.04	0.06	0.01	0.07	0.12	0.02	0.01	0.01	0.14	0.08	0.0	0.03	0.01	0.02	0.09	0.0	0.02	0.02	0.05	0.32	0.01	0.05	0.34	0.5
140	140	140	4yto	2	183	192	0.95	2.0	author	2.0	dimeric	-5.26	42.07	36.8	41.09	59.78	45.76	54.07	58.19	59.87	7.06	95.0	ISEENLLEEVEKAKVIADEAVKLQKEIDKRCQHKIAEMVALMEKHKHQYDKIIEERDSELGLYKSKEQEQSSLRASLEIELSNLKAELLSVKKQL	0.07	0.03	0.02	0.04	0.01	0.06	0.18	0.01	0.03	0.07	0.14	0.15	0.02	0.0	0.0	0.08	0.0	0.0	0.02	0.05	0.0	0.36	0.0	0.02	0.43	0.36
141	141	141	4yv3	3	215	215	1.0	3.0	author	3.0	trimeric	-5.26	38.43	34.44	40.53	55.29	44.91	52.74	52.68	55.38	1.81	77.0	DQLTNDKARVEVERDNLAEDIURLREKLQEEULQREEAENTLQSFRQDVDNASLARLDLERKVESLQEEIAFLKKLH	0.08	0.1	0.05	0.09	0.0	0.08	0.17	0.0	0.01	0.03	0.16	0.06	0.0	0.03	0.0	0.04	0.03	0.0	0.0	0.05	0.03	0.34	0.0	0.03	0.44	0.45
142	142	142	5bn0	6	195	211	0.92	6.0	author	6.0	hexameric	-5.26	37.61	44.11	40.56	60.66	48.13	57.3	60.86	60.74	6.99	36.0	LTWMEWDREINNYTSLIHSLIEESQNQQEKNEQELL	0.0	0.03	0.11	0.03	0.0	0.11	0.19	0.0	0.03	0.08	0.14	0.03	0.03	0.0	0.0	0.08	0.06	0.06	0.03	0.0	0.0	0.31	0.0	0.08	0.31	0.4
143	143	143	5c9n	2	116	125	0.93	2.0	software	2.0	dimeric	-5.27	38.29	39.19	40.44	57.87	45.38	54.16	57.9	57.98	5.06	64.0	LPDLCSWEEAQLSSQLYRNKQLQDTLVQKEEELARLHEENNHLRQYLNSALVKCEEEKAKKELS	0.06	0.05	0.06	0.03	0.03	0.09	0.17	0.0	0.03	0.0	0.19	0.09	0.0	0.0	0.02	0.08	0.02	0.02	0.03	0.03	0.0	0.31	0.02	0.05	0.38	0.33
144	144	144	5cx2	4	190	203	0.94	4.0	author	4.0	tetrameric	-5.27	38.61	37.08	37.82	55.22	45.43	52.44	54.76	55.29	7.71	55.0	HUUDUTQQEIFDKQRRLQELSEKVRTCHQEISALRKALQEKEAEULQVLEDIQTI	0.05	0.07	0.0	0.05	0.02	0.15	0.15	0.0	0.04	0.07	0.11	0.07	0.0	0.02	0.0	0.04	0.05	0.0	0.0	0.04	0.07	0.29	0.0	0.02	0.38	0.38
145	145	145	5d3a	2	154	164	0.94	2.0	author	2.0	dimeric	-6.26	38.17	35.87	39.37	56.82	44.55	53.97	56.81	56.91	5.1	82.0	GSMTISNMEADMNRLLKQREELTKRREKLSKRREKIVKENGEGDKNVANINEEMESLTANIDYINDSISDCQANIMQMEEAK	0.06	0.07	0.11	0.06	0.01	0.04	0.15	0.04	0.0	0.09	0.06	0.1	0.07	0.0	0.0	0.07	0.04	0.0	0.01	0.02	0.0	0.3	0.0	0.01	0.38	0.5
146	146	146	5d60	4	229	238	0.96	4.0	author	4.0	tetrameric	-6.26	43.43	47.43	38.81	61.63	47.17	58.31	67.15	61.72	6.64	55.0	SQQQIAALSESLQATQQQLQALQQQCYELEKTNRLLVSEVMTLQKMVKAQNQASN	0.11	0.02	0.05	0.0	0.02	0.25	0.07	0.0	0.0	0.02	0.15	0.05	0.04	0.0	0.0	0.09	0.05	0.0	0.02	0.05	0.0	0.36	0.0	0.02	0.15	0.5
147	147	147	5djn	2	142	158	0.9	2.0	author	2.0	dimeric	-6.26	39.46	34.42	38.5	57.44	43.75	52.38	56.6	57.52	13.08	77.0	PNAKVIRELREEVEKLREQLSQAEAMKAELKEKLEESEKLIKELTVTWEEKLRKTEAIAQERQRQLESMGISLETSG	0.08	0.08	0.01	0.0	0.0	0.06	0.23	0.03	0.0	0.05	0.13	0.12	0.03	0.0	0.01	0.06	0.05	0.01	0.0	0.04	0.0	0.35	0.01	0.01	0.43	0.45
148	148	148	5ed9	3	189	206	0.92	3.0	author	3.0	trimeric	-7.25	46.62	44.64	42.32	63.65	49.79	59.83	65.93	63.74	6.9	71.0	FKSMTQEAFQESSVKELGRLEAQLASLRQELAALTLKQNSVADEVGLLPQKIQAARADVESQFPDWIRQFL	0.13	0.06	0.01	0.04	0.0	0.13	0.1	0.03	0.0	0.03	0.14	0.06	0.01	0.06	0.03	0.08	0.03	0.01	0.0	0.06	0.0	0.46	0.03	0.07	0.25	0.7
149	149	149	5eoa	4	195	229	0.85	4.0	author	4.0	tetrameric	-6.25	38.39	39.27	37.62	58.62	44.47	52.93	59.7	58.71	4.26	72.0	PNLDTFTPEELLQQMKELLTKNHQLKEAMKLNNQAMKGRFEELSAWTEKQKEERQFFEIQSKEAKERLMALS	0.07	0.04	0.06	0.01	0.0	0.1	0.17	0.01	0.01	0.01	0.14	0.12	0.06	0.06	0.03	0.04	0.06	0.01	0.0	0.0	0.0	0.38	0.03	0.07	0.36	0.5
150	150	150	5eof	4	205	232	0.88	4.0	author	4.0	tetrameric	-6.25	37.8	39.68	37.91	58.77	45.42	53.75	59.7	58.86	4.79	74.0	HPNLDTFTPEELLQQMKELLTENHQLKEAMKLNNQAMKGRFEELSAWTEKQKEERQFFEIQSKEAKERLMALSH	0.07	0.04	0.05	0.01	0.0	0.09	0.18	0.01	0.04	0.01	0.14	0.11	0.05	0.05	0.03	0.04	0.05	0.01	0.0	0.0	0.0	0.36	0.03	0.07	0.38	0.45
151	151	151	5ez8	7	205	208	0.99	7.0	author	7.0	heptameric	-6.25	51.52	43.55	40.8	67.75	50.5	60.87	67.4	67.84	9.15	30.0	GEIAQALKEIAKALKEIAWACKEIAQALKG	0.27	0.0	0.0	0.0	0.03	0.07	0.13	0.07	0.0	0.13	0.1	0.17	0.0	0.0	0.0	0.0	0.0	0.03	0.0	0.0	0.0	0.53	0.0	0.03	0.3	0.75
152	152	152	5ez9	7	202	205	0.99	7.0	author	7.0	heptameric	-6.25	48.31	40.14	46.4	62.04	51.81	58.24	60.73	62.12	11.31	29.0	GEIAKALREIAKALREIAWAHREIAKALR	0.28	0.14	0.0	0.0	0.0	0.0	0.14	0.03	0.03	0.14	0.1	0.1	0.0	0.0	0.0	0.0	0.0	0.03	0.0	0.0	0.0	0.55	0.0	0.03	0.41	0.75
153	153	153	5eza	7	210	210	1.0	7.0	author	7.0	heptameric	-6.25	47.48	39.95	45.76	61.61	52.05	59.14	61.25	61.7	10.49	30.0	GEIAKALREIAKALRECAWAHREIAKALRG	0.27	0.13	0.0	0.0	0.03	0.0	0.13	0.07	0.03	0.1	0.1	0.1	0.0	0.0	0.0	0.0	0.0	0.03	0.0	0.0	0.0	0.5	0.0	0.03	0.4	0.5
154	154	154	5ezc	7	196	206	0.95	7.0	author	7.0	heptameric	-6.26	44.48	37.13	43.53	59.21	49.77	56.71	58.07	59.3	9.5	29.0	GEIAKALREIAKALRECAWAHREEAKALR	0.28	0.14	0.0	0.0	0.03	0.0	0.17	0.03	0.03	0.07	0.1	0.1	0.0	0.0	0.0	0.0	0.0	0.03	0.0	0.0	0.0	0.48	0.0	0.03	0.45	0.5
155	155	155	5fcn	2	104	107	0.97	2.0	author	2.0	dimeric	-5.27	39.52	39.76	42.29	58.2	45.72	52.61	58.75	58.32	8.03	54.0	GSNNELYLELMKLREHSDQHVKELKTSLKKCARETADLKFLNNQYAHKLKLLEK	0.06	0.04	0.07	0.04	0.02	0.04	0.11	0.02	0.06	0.0	0.2	0.17	0.02	0.02	0.0	0.06	0.04	0.0	0.04	0.02	0.0	0.31	0.0	0.06	0.41	0.5
156	156	156	5h1x	3	131	146	0.9	3.0	author	3.0	trimeric	-5.17	38.77	36.53	39.39	57.71	45.87	53.54	55.53	57.8	7.44	48.0	MNAWDRTLIENGEKITSLHREVEKVKLDQKRLDQELDFILSQQKELED	0.02	0.06	0.04	0.1	0.0	0.08	0.15	0.02	0.02	0.06	0.15	0.1	0.02	0.02	0.0	0.04	0.04	0.02	0.0	0.04	0.0	0.33	0.0	0.04	0.44	0.57
157	157	157	5jr5	4	190	208	0.91	4.0	author	4.0	tetrameric	-4.26	52.41	46.37	51.48	66.49	56.06	64.03	66.49	66.58	7.17	52.0	GSIINETADDIVYRLTVIIDDRYESLKNLITLRADRLEMIINDNVSTILASI	0.06	0.08	0.08	0.12	0.0	0.0	0.06	0.02	0.0	0.19	0.12	0.02	0.02	0.0	0.0	0.08	0.08	0.0	0.04	0.06	0.0	0.44	0.0	0.04	0.27	0.71
158	158	158	5k92	3	81	87	0.93	3.0	author	3.0	trimeric	-4.26	42.91	37.02	38.91	62.0	45.96	55.43	60.03	62.11	4.07	29.0	EWEALEKKLAALESKCQALEKKLEALEHG	0.17	0.0	0.0	0.0	0.03	0.03	0.24	0.03	0.03	0.0	0.21	0.17	0.0	0.0	0.0	0.03	0.0	0.03	0.0	0.0	0.0	0.41	0.0	0.03	0.45	0.5
159	159	159	5mvw	4	197	206	0.96	4.0	software	4.0	tetrameric	-5.26	39.33	36.67	40.96	55.42	45.42	51.48	54.98	55.52	10.29	60.0	SHDCAKVDLENAELRRKLIRTKRAFEDTYEKLRMANKAKAQVEKDIKNQILKTHNVLRNV	0.1	0.1	0.08	0.07	0.02	0.03	0.08	0.0	0.03	0.05	0.1	0.15	0.02	0.02	0.0	0.02	0.05	0.0	0.02	0.07	0.0	0.35	0.0	0.03	0.43	0.22
160	160	160	5mw0	4	208	222	0.94	4.0	author	4.0	tetrameric	-5.26	39.54	37.0	40.77	56.11	45.61	52.33	55.88	56.22	10.49	62.0	GGSHDCAKVDLENAELRRKLIRTKRAFEDTYEKLRMANKAKAQVEKDIKNQILKTHNVLRNV	0.1	0.1	0.08	0.06	0.02	0.03	0.08	0.03	0.03	0.05	0.1	0.15	0.02	0.02	0.0	0.02	0.05	0.0	0.02	0.06	0.0	0.34	0.0	0.03	0.42	0.22
161	161	161	5mwe	4	162	174	0.93	4.0	author	4.0	tetrameric	-6.25	39.3	36.58	41.15	55.34	45.58	51.28	54.54	55.45	10.05	59.0	HDCAKVDLENAELRRKLIRTKRAFEDTYEKLRMANKAKAQVEKDIKNQILKTHNVLRNV	0.1	0.1	0.08	0.07	0.02	0.03	0.08	0.0	0.03	0.05	0.1	0.15	0.02	0.02	0.0	0.0	0.05	0.0	0.02	0.07	0.0	0.36	0.0	0.03	0.44	0.25
162	162	162	5ng4	2	95	102	0.93	2.0	author	2.0	dimeric	-5.26	38.89	38.89	41.91	57.62	45.24	51.92	57.68	57.74	8.51	54.0	SNNELYLELMKLREHSDQHVKELKTSLKKCARETADLKFLNNQYAHKLKLLEKE	0.06	0.04	0.07	0.04	0.02	0.04	0.13	0.0	0.06	0.0	0.2	0.17	0.02	0.02	0.0	0.06	0.04	0.0	0.04	0.02	0.0	0.31	0.0	0.06	0.43	0.5
163	163	163	5oi7	2	164	176	0.93	2.0	author	2.0	dimeric	-5.26	36.51	38.45	35.77	55.73	43.14	52.73	57.12	55.81	3.39	88.0	GESWQKRYDSLQKIVEKQQQKMDQLRSQVQSLEQEVAQEEGTSQALREEAQRRDSALQQLRTAVKELSVQNQDLIEKNLTLQEHLRQA	0.07	0.08	0.02	0.05	0.0	0.2	0.12	0.02	0.01	0.02	0.12	0.07	0.01	0.0	0.0	0.08	0.03	0.01	0.01	0.06	0.0	0.3	0.0	0.02	0.33	0.38
164	164	164	5toh	3	168	175	0.96	3.0	author	3.0	trimeric	-5.17	49.5	46.58	47.06	65.35	55.22	62.82	66.32	65.42	10.91	52.0	GDIIWDQLIVKRTLADLLIPINRQISDIQSTLSEVTTRVHEIERQLHEITPV	0.02	0.08	0.02	0.08	0.0	0.08	0.08	0.02	0.04	0.17	0.12	0.02	0.0	0.0	0.04	0.06	0.1	0.02	0.0	0.08	0.0	0.44	0.04	0.02	0.29	0.71
165	165	165	5toi	3	201	208	0.97	3.0	author	3.0	trimeric	-5.26	49.23	45.41	47.24	64.86	54.33	61.93	66.74	64.93	5.87	68.0	DIIWDQLIVKRTLADLLIPINRQISDIQSTLSEVTTRVHEIERQLHEITPVLKMGRTLEAISKGMSEM	0.03	0.07	0.01	0.06	0.0	0.06	0.09	0.03	0.03	0.15	0.12	0.04	0.04	0.0	0.03	0.07	0.09	0.01	0.0	0.06	0.0	0.44	0.03	0.01	0.29	0.7
166	166	166	5uxt	3	78	93	0.84	3.0	author	3.0	trimeric	-5.26	39.47	34.47	37.71	59.59	44.9	52.41	55.14	59.69	5.26	33.0	EVEALEKKVEALEWKVQKLEKKVEALEHGWDGR	0.09	0.03	0.0	0.03	0.0	0.03	0.24	0.06	0.03	0.0	0.12	0.18	0.0	0.0	0.0	0.0	0.0	0.06	0.0	0.12	0.0	0.39	0.0	0.06	0.52	0.8
167	167	167	5vkf	4	187	208	0.9	4.0	author	4.0	tetrameric	-4.26	52.41	46.37	51.48	66.49	56.06	64.03	66.49	66.58	7.17	52.0	GSIINETADDIVYRLTVIIDDRYESLKNLITLRADRLEMIINDNVSTILASI	0.06	0.08	0.08	0.12	0.0	0.0	0.06	0.02	0.0	0.19	0.12	0.02	0.02	0.0	0.0	0.08	0.08	0.0	0.04	0.06	0.0	0.44	0.0	0.04	0.27	0.71
168	168	168	5y14	6	199	211	0.94	6.0	author	6.0	hexameric	-5.26	50.5	52.89	48.88	65.86	55.24	63.21	69.96	65.95	8.63	44.0	TVQARQLLSGIVQQQNNLLRAIEAQQHLLQLTVWGIKQLQARIL	0.09	0.07	0.05	0.0	0.0	0.23	0.02	0.05	0.02	0.09	0.2	0.02	0.0	0.0	0.0	0.02	0.05	0.02	0.0	0.07	0.0	0.48	0.0	0.02	0.14	0.67
169	169	169	5y2e	4	176	182	0.97	4.0	author	4.0	tetrameric	-6.25	43.92	37.57	48.03	57.66	51.16	54.4	57.1	57.73	15.0	45.0	MIEKQMDRVVKEMRRQLEMIDKLTTRGIEQVELLKRIHDKLMIRA	0.02	0.13	0.0	0.07	0.0	0.07	0.11	0.02	0.02	0.11	0.11	0.11	0.11	0.0	0.0	0.0	0.04	0.0	0.0	0.07	0.0	0.42	0.0	0.0	0.44	0.5
170	170	170	5y2h	4	176	188	0.94	4.0	author	4.0	tetrameric	-5.17	40.58	34.8	42.07	56.02	47.32	51.77	54.29	56.1	14.07	48.0	TTKDEIEKQMDRVVKEMRRQLEMIDKLTTREIEQVELLKRIHDKLVVQ	0.0	0.1	0.0	0.08	0.0	0.08	0.15	0.0	0.02	0.08	0.1	0.12	0.06	0.0	0.0	0.0	0.08	0.0	0.0	0.1	0.0	0.35	0.0	0.0	0.48	0.43
171	171	171	5y2j	4	155	167	0.93	4.0	author	4.0	tetrameric	-5.26	41.29	35.61	44.58	56.01	48.17	52.36	54.75	56.09	12.93	43.0	EKQMDRVVKEMRRQLEMIDKLTTREIEQVELLKRIHDKLVVQS	0.0	0.12	0.0	0.07	0.0	0.09	0.14	0.0	0.02	0.07	0.12	0.12	0.07	0.0	0.0	0.02	0.05	0.0	0.0	0.12	0.0	0.37	0.0	0.0	0.47	0.5
172	172	172	5yb3	6	152	176	0.86	6.0	author	6.0	hexameric	-5.26									0.0	0.0																											
173	173	173	5yb4	6	164	173	0.95	6.0	author	6.0	hexameric	-5.26									0.0	0.0																											
174	174	174	5yr0	2	89	92	0.97	2.0	author	2.0	dimeric	-4.26	37.84	31.75	39.51	55.72	43.15	51.68	51.28	55.8	9.29	48.0	SEQLQRELKELALEEERLIQELEDVEKNRKVVAENLEKVQAEAERLDQ	0.08	0.08	0.04	0.04	0.0	0.1	0.27	0.0	0.0	0.02	0.17	0.08	0.0	0.0	0.0	0.02	0.0	0.0	0.0	0.08	0.0	0.35	0.0	0.0	0.48	0.43
175	175	175	5zcx	6	172	181	0.95	6.0	author	6.0	hexameric	-5.27	49.85	52.38	48.45	65.28	54.5	63.44	69.97	65.37	6.83	31.0	TLTVQARQLLSGIVQQQNNLLRAIEAQQHLL	0.1	0.06	0.06	0.0	0.0	0.23	0.03	0.03	0.03	0.06	0.23	0.0	0.0	0.0	0.0	0.03	0.06	0.0	0.0	0.06	0.0	0.45	0.0	0.0	0.13	0.5
176	176	176	5zvk	6	265	301	0.88	6.0	author	6.0	hexameric	-4.26	48.14	48.72	40.98	66.14	50.14	62.59	70.77	66.24	17.53	70.0	TQQVLSENQKLIANKFNQALGAMQTGFTTTNEAFRKVQDAVNNNAQALSKLASELSNTFGAISASIGDII	0.14	0.01	0.11	0.03	0.0	0.1	0.04	0.06	0.0	0.07	0.09	0.06	0.01	0.06	0.0	0.09	0.09	0.0	0.0	0.04	0.0	0.41	0.0	0.06	0.14	0.6
177	177	177	5zvm	6	261	309	0.84	6.0	author	6.0	hexameric	-5.26	47.15	49.99	41.26	65.36	49.31	61.46	70.22	65.46	16.09	69.0	TQNVLYENQKQIANQFNKAISQIQESLTTTSTALGKLQDVVNQNAQALNTLVKQLSSNFGAISSVLNDI	0.09	0.0	0.13	0.03	0.0	0.14	0.03	0.03	0.0	0.07	0.12	0.06	0.0	0.03	0.0	0.1	0.09	0.0	0.01	0.07	0.0	0.38	0.0	0.04	0.12	0.6
178	178	178	6ado	4	184	194	0.95	4.0	author	4.0	tetrameric	-6.26	40.69	37.54	40.01	57.57	46.89	54.39	57.39	57.65	6.33	48.0	QEIFDKQRRLQELSEKVRTCHQEASALRKALQEKEAEMLQVLEDIQTI	0.08	0.08	0.0	0.04	0.02	0.15	0.17	0.0	0.02	0.06	0.12	0.08	0.02	0.02	0.0	0.04	0.04	0.0	0.0	0.04	0.0	0.35	0.0	0.02	0.4	0.43
179	179	179	6adz	4	177	193	0.92	4.0	author	4.0	tetrameric	-6.26	40.23	37.12	38.7	57.34	46.3	54.24	57.23	57.41	6.05	48.0	QEIFDKQRRLQELSEKVRTCHQEASALRKAAQEKEAEMLQVLEDIQTI	0.1	0.08	0.0	0.04	0.02	0.15	0.17	0.0	0.02	0.06	0.1	0.08	0.02	0.02	0.0	0.04	0.04	0.0	0.0	0.04	0.0	0.35	0.0	0.02	0.4	0.43
180	180	180	6ah6	4	180	192	0.94	4.0	author	4.0	tetrameric	-5.17	41.22	38.14	40.44	57.9	47.24	54.57	57.35	57.98	7.52	49.0	QQEIFDKQRRLQELSEKVRTCHQEISALRKALQEKEAEVLQVLEDIQTI	0.06	0.08	0.0	0.04	0.02	0.16	0.16	0.0	0.02	0.08	0.12	0.08	0.0	0.02	0.0	0.04	0.04	0.0	0.0	0.06	0.0	0.35	0.0	0.02	0.39	0.43
181	181	181	6akl	3	100	118	0.85	3.0	author	3.0	trimeric	-4.26	43.62	44.42	44.84	61.36	50.28	57.97	63.58	61.45	6.39	52.0	STMALLSQENTQIRDLQQENRELWISLEEHQDALELIMSKYRKQMLQLMVAK	0.06	0.06	0.04	0.04	0.0	0.13	0.12	0.0	0.02	0.06	0.17	0.06	0.08	0.0	0.0	0.08	0.04	0.02	0.02	0.02	0.0	0.4	0.0	0.04	0.29	0.71
182	182	182	6ano	2	135	145	0.93	2.0	author	2.0	dimeric	-5.26	39.24	42.58	41.14	59.21	47.62	55.0	59.58	59.31	8.05	75.0	ATYNDLQVEYGKCQLQUKELUKKFKEIQAQNFSLINENQSLKKNISALIKTARVEINRKDEEISNLHLEHHHHHH	0.05	0.03	0.09	0.03	0.01	0.08	0.11	0.01	0.09	0.08	0.11	0.12	0.0	0.03	0.0	0.05	0.03	0.0	0.03	0.03	0.03	0.29	0.0	0.05	0.37	0.36
183	183	183	6bl7	2	197	197	1.0	2.0	author	2.0	dimeric	-5.26	34.48	34.57	39.15	53.31	41.12	48.45	50.66	53.4	4.0	99.0	NEKLIEEYKYRLQKLQNDEUIWTKERQSLLEKUNNTENYKIEUIKENEULREQLKEAQSKLNEKNIQLRSKEIDVNKLSDRVLSLENELRNUEIELDRN	0.01	0.07	0.12	0.04	0.0	0.06	0.18	0.0	0.0	0.07	0.14	0.12	0.0	0.0	0.0	0.05	0.02	0.01	0.03	0.02	0.05	0.25	0.0	0.04	0.41	0.36
184	184	184	6c4x	8	192	195	0.98	8.0	author	8.0	octameric	-5.27	71.47	61.4	70.65	80.4	69.22	73.78	82.27	80.53	3.21	24.0	SKLLLLLIILSEALHLAILLLIKW	0.08	0.0	0.0	0.0	0.0	0.0	0.04	0.0	0.04	0.17	0.46	0.08	0.0	0.0	0.0	0.08	0.0	0.04	0.0	0.0	0.0	0.75	0.0	0.04	0.17	1.0
185	185	185	6c51	4	87	99	0.88	4.0	author	4.0	tetrameric	-5.27	51.28	44.13	53.09	66.11	53.53	58.97	64.81	66.24	9.94	25.0	SKLLELLRKLLEALHKAIELLEKWG	0.08	0.04	0.0	0.0	0.0	0.0	0.16	0.04	0.04	0.04	0.36	0.16	0.0	0.0	0.0	0.04	0.0	0.04	0.0	0.0	0.0	0.52	0.0	0.04	0.4	0.75
186	186	186	6c52	4	97	100	0.97	4.0	author	4.0	tetrameric	-5.27	30.62	29.63	35.04	50.86	39.48	45.92	48.23	50.94	6.75	25.0	SKLEELRRKLQEAEHKARELQEKWG	0.08	0.12	0.0	0.0	0.0	0.08	0.24	0.04	0.04	0.0	0.16	0.16	0.0	0.0	0.0	0.04	0.0	0.04	0.0	0.0	0.0	0.28	0.0	0.04	0.56	0.75
187	187	187	6eik	7	193	201	0.96	7.0	author	7.0	heptameric	-5.25	47.93	38.26	45.85	61.46	50.12	57.22	59.55	61.54	11.02	29.0	GEIAKALREIAKALREIAWALREEAKALR	0.28	0.14	0.0	0.0	0.0	0.0	0.17	0.03	0.0	0.1	0.14	0.1	0.0	0.0	0.0	0.0	0.0	0.03	0.0	0.0	0.0	0.55	0.0	0.03	0.41	0.75
188	188	188	6eiz	6	170	178	0.96	6.0	software	6.0	hexameric	-6.25	47.86	39.38	40.11	64.56	45.55	55.69	64.77	64.67	9.87	30.0	GEIAKSLKEIAKSLKEIAWSLKEIAKSLKG	0.13	0.0	0.0	0.0	0.0	0.0	0.13	0.07	0.0	0.13	0.13	0.23	0.0	0.0	0.0	0.13	0.0	0.03	0.0	0.0	0.0	0.43	0.0	0.03	0.37	0.75
189	189	189	6f63	4	383	383	1.0	4.0	author	4.0	tetrameric	-5.26	41.81	36.82	40.96	59.76	45.74	54.2	58.47	59.85	6.91	96.0	GSMENLLEEVEKAKVIADEAVKLQKEIDKRCQHKIAEMVALMEKHKHQYDKIIEERDSELGLYKSKEQEQSSLRASLEIELSNLKAELLSVKKQLE	0.07	0.03	0.02	0.04	0.01	0.06	0.18	0.02	0.03	0.06	0.14	0.15	0.03	0.0	0.0	0.08	0.0	0.0	0.02	0.05	0.0	0.35	0.0	0.02	0.43	0.43
190	190	190	6f6p	4	373	382	0.98	4.0	author	4.0	tetrameric	-5.26	42.57	36.61	40.57	59.43	45.78	54.38	58.39	59.53	14.4	98.0	PSVLEVREKGYERLKEELAKAQRELKLKDEECERLSKVRDQLGQELEELTASLFEEAHKMVREANIKQATAEKQLKEAQGKIDVLQAEVAALKTLVLS	0.11	0.06	0.01	0.03	0.01	0.07	0.18	0.03	0.01	0.02	0.15	0.12	0.01	0.01	0.01	0.04	0.03	0.0	0.01	0.07	0.0	0.39	0.01	0.02	0.41	0.64
191	191	191	6g66	7	210	210	1.0	7.0	author	7.0	heptameric	-5.26	52.6	43.34	39.89	68.47	50.33	60.87	67.4	68.55	9.58	30.0	GEVAQAIKEVAKAIKEVAWAIKEVAQAIKG	0.27	0.0	0.0	0.0	0.0	0.07	0.13	0.07	0.0	0.13	0.0	0.17	0.0	0.0	0.0	0.0	0.0	0.03	0.0	0.13	0.0	0.57	0.0	0.03	0.3	0.75
192	192	192	6g6f	8	232	237	0.98	8.0	software	8.0	octameric	-5.26	49.48	45.42	40.79	67.75	49.99	59.39	68.08	67.86	9.17	30.0	GEFAQALKEFAKALKEFAWALKEFAQALKG	0.27	0.0	0.0	0.0	0.0	0.07	0.13	0.07	0.0	0.0	0.13	0.17	0.0	0.13	0.0	0.0	0.0	0.03	0.0	0.0	0.0	0.57	0.0	0.17	0.3	0.75
193	193	193	6g6h	5	162	165	0.98	5.0	author	5.0	pentameric	-5.17	42.86	38.5	43.43	60.01	44.82	49.49	58.46	60.12	10.15	33.0	TQEYLLKELMKLLKEQIKLLKEQIKMLKELEKQ	0.0	0.0	0.0	0.0	0.0	0.12	0.18	0.0	0.0	0.06	0.27	0.24	0.06	0.0	0.0	0.0	0.03	0.0	0.03	0.0	0.0	0.39	0.0	0.03	0.42	0.6
194	194	194	6gaj	3	391	393	0.99	3.0	author	3.0	trimeric	-5.26	46.99	43.59	43.28	62.88	50.3	61.5	66.11	62.97	6.75	131.0	EEIKKQVQVNVDDIRAANIKLDGLGRQIADISNSISTIESRLGEMDNRLVGISSQVTQLSNSVSQNTQSISSLGDRINAVEPRVDSLDTVTSNLTGRTSTLEADVGSLRTELAALTTRVTTEVTRLDGLIN	0.05	0.08	0.07	0.08	0.0	0.05	0.06	0.06	0.0	0.08	0.11	0.02	0.01	0.0	0.01	0.12	0.11	0.0	0.0	0.09	0.0	0.35	0.01	0.0	0.24	0.68
195	195	195	6gak	3	391	393	0.99	3.0	author	3.0	trimeric	-4.26	47.26	43.59	43.38	63.02	50.47	61.6	66.26	63.11	6.75	131.0	EEIKKQVQVNVDDIRAANIKLDGLGRQIADISNSISTIESRLGEMDNRLVGISSQVTQLSNSVSQNTQSISSLGDRINAVEPRVDSLDTVTSNLTGRTSTLEADVGSLRTELAALTTRVTTEVTRLDGLIN	0.05	0.08	0.07	0.08	0.0	0.05	0.06	0.06	0.0	0.08	0.11	0.02	0.01	0.0	0.01	0.12	0.11	0.0	0.0	0.09	0.0	0.35	0.01	0.0	0.24	0.68
196	196	196	6gao	3	451	669	0.67	3.0	author	3.0	trimeric	-5.26	47.5	46.63	44.39	64.72	51.49	62.97	69.02	64.82	6.87	223.0	HMEEIKKQVQVNVDDIRAANIKLDGLGRQIADISNSISTIESRLGEMDNRLVGISSQVTQLSNSVSQNTQSISSLGDRINAVEPRVDSLDTVTSNLTGRTSTLEADVGSLRTELAALTTRVTTEVTRLDGLINSGQNSIGELSTRLSNVETSMVTTAGRGLQKNGNTLNVIVGNGMWFNSSNQLQLDLSGQSKGVGFVGTGMVVKIDTNYFAYNSNGEITLVS	0.04	0.05	0.09	0.05	0.0	0.05	0.05	0.09	0.0	0.07	0.1	0.03	0.02	0.01	0.0	0.12	0.1	0.0	0.01	0.09	0.0	0.35	0.0	0.03	0.19	0.62
197	197	197	6gbr	4	270	270	1.0	4.0	author	4.0	tetrameric	-4.26	46.76	44.18	45.48	63.24	51.2	60.37	66.1	63.34	5.3	67.0	LKKVEDTLTMLVNATSRQNAAIEALENRLSTLESSLKPIQDMGKVISSLNRSCAEMVAKYDLLEHHH	0.09	0.04	0.06	0.04	0.01	0.03	0.09	0.01	0.04	0.04	0.15	0.07	0.04	0.0	0.01	0.1	0.06	0.0	0.01	0.06	0.0	0.4	0.01	0.01	0.3	0.7
198	198	198	6gqn	4	82	151	0.54	4.0	author	4.0	tetrameric	-5.26	44.66	39.19	43.56	62.05	49.37	56.75	59.31	62.14	6.88	62.0	GAIIFSAKDIFEQEFGREVRGYNKVEVDEFLDDVIKDYETYAALVKSLRQEIADLKEELTRK	0.08	0.06	0.02	0.1	0.0	0.03	0.15	0.05	0.0	0.08	0.08	0.1	0.0	0.06	0.0	0.03	0.03	0.0	0.05	0.08	0.0	0.39	0.0	0.11	0.4	0.44
199	199	199	6icr	4	184	193	0.95	4.0	author	4.0	tetrameric	-4.27	41.74	38.07	41.69	58.01	46.94	54.85	58.17	58.08	8.89	42.0	QRRLQELSEKVRTAHQEISALRKALQEKEAEMLQVLEDIQSI	0.1	0.1	0.0	0.02	0.0	0.14	0.17	0.0	0.02	0.07	0.14	0.07	0.02	0.0	0.0	0.07	0.02	0.0	0.0	0.05	0.0	0.38	0.0	0.0	0.38	0.67
200	200	200	6j5e	6	199	206	0.97	6.0	author	6.0	hexameric	-6.25									0.0	0.0																											
201	201	201	6jlb	4	879	886	0.99	4.0	author	4.0	tetrameric	-5.26	39.77	34.67	40.22	56.36	44.68	53.07	55.28	56.45	4.71	202.0	IDRVRSLETENAGLRLRITESEEVVSREVSGIKAAYEAELGDARKTLDSVAKERARLQLELSKVREEFKELKARNTKKEGDLIAAQARLKDLEALLNSKEAALSTALSEKRTLEGELHDLRGQVAKLEAALGEAKKQLQDEULRRVDAENRLQTUKEELDFQKNIYSEELRETKRRHETRLVEIDNGKQREFESRLADALQE	0.11	0.11	0.03	0.05	0.0	0.04	0.16	0.04	0.01	0.03	0.14	0.09	0.0	0.01	0.0	0.05	0.04	0.0	0.01	0.04	0.01	0.34	0.0	0.02	0.43	0.48
202	202	202	6kts	6	204	210	0.97	6.0	author	6.0	hexameric	-4.26	35.74	41.65	38.74	59.12	46.29	55.0	58.44	59.2	7.96	34.0	WMEWDREINKYTSLIHSLIEESQNQQEKNEQELL	0.0	0.03	0.09	0.03	0.0	0.12	0.21	0.0	0.03	0.09	0.12	0.06	0.03	0.0	0.0	0.09	0.03	0.06	0.03	0.0	0.0	0.29	0.0	0.09	0.35	0.4
203	203	203	6l5h	2	164	164	1.0	2.0	author	2.0	dimeric	-5.17	37.64	33.39	41.59	52.76	45.33	52.89	52.3	52.84	11.44	82.0	UESTVNALTSELRDLRAQREEAAAAHAQEVRRLQEQARDLGKQRDSCLREAEELRTQLRLLEDARDGLRRELLEAQRKLRES	0.13	0.18	0.01	0.06	0.01	0.09	0.16	0.02	0.01	0.0	0.17	0.02	0.0	0.0	0.0	0.05	0.04	0.0	0.0	0.02	0.01	0.33	0.0	0.0	0.44	0.67
204	204	204	6mi3	2	232	246	0.94	2.0	author	2.0	dimeric	-5.26	41.63	37.16	44.23	58.45	47.03	54.46	56.92	58.55	7.76	122.0	SWSVKELEDKNEELLSEIAHLKNEVARLKKLLQRCLAANQELRDAIRQSNQILRERAEELLHFQASQREEKEFLMSKFQEARKLVERLGLEKLELEDKNEELLSEIAHLKNEVARLKKLVGE	0.08	0.08	0.05	0.02	0.01	0.06	0.19	0.02	0.02	0.03	0.19	0.11	0.01	0.02	0.0	0.06	0.0	0.01	0.0	0.04	0.0	0.39	0.0	0.03	0.43	0.53
205	205	205	6mi4	2	230	246	0.93	2.0	author	2.0	dimeric	-5.26	40.88	36.68	43.86	57.48	46.43	53.7	55.85	57.58	9.04	123.0	SWSVKELEDKNEELLSEIAHLKNEVARLKKLLQRCLAANQELRDAURQSNQILRERAEELLHFQASQREEKEFLUSKFQEARKLVERLGLEKLELEDKNEELLSEIAHLKNEVARLKKLVGER	0.08	0.09	0.05	0.02	0.01	0.06	0.19	0.02	0.02	0.02	0.19	0.11	0.0	0.02	0.0	0.06	0.0	0.01	0.0	0.04	0.02	0.37	0.0	0.03	0.43	0.5
206	206	206	6mpw	5	123	126	0.98	5.0	author	5.0	pentameric	-5.26	75.77	64.9	76.57	82.74	74.85	77.22	84.33	82.87	3.14	26.0	DSLKWIVFLLFLIVLLLLAIVFLLRG	0.04	0.04	0.0	0.04	0.0	0.0	0.0	0.04	0.0	0.12	0.38	0.04	0.0	0.12	0.0	0.04	0.0	0.04	0.0	0.12	0.0	0.81	0.0	0.15	0.12	0.75
207	207	207	6n6s	4	267	267	1.0	4.0	author	4.0	tetrameric	-5.26	33.62	32.07	33.65	53.21	39.51	47.17	51.27	53.3	6.18	65.0	KQELVTQNELLKQQVKIFEEDFQRERSDRERMNEEKEELKKQVEKLQAQVTLTNAQLKTLKEEEK	0.03	0.06	0.05	0.03	0.0	0.14	0.22	0.0	0.0	0.02	0.12	0.15	0.02	0.03	0.0	0.02	0.06	0.0	0.0	0.06	0.0	0.28	0.0	0.03	0.46	0.33
208	208	208	6nro	6	222	250	0.89	6.0	author	6.0	hexameric	-4.26	47.3	42.26	43.31	62.18	48.56	58.07	63.16	62.26	13.03	49.0	RSDIEKLKEAIRDTNKAVQSVQSSIGNLIVAIKSVQDYVNKEIVPSIAR	0.08	0.06	0.06	0.06	0.0	0.06	0.06	0.02	0.0	0.14	0.04	0.1	0.0	0.0	0.02	0.12	0.02	0.0	0.02	0.12	0.0	0.41	0.02	0.02	0.29	0.57
209	209	209	6ofp	2	180	183	0.98	2.0	author	2.0	dimeric	-5.26	44.96	42.35	44.23	61.45	50.03	57.84	63.67	61.54	6.58	91.0	GSHMYENEKAMVTETMMKLRNELKALKEDAATFSSLRAMFATRCDEYITQLDEMQRQLAAAEDEKKTLNSLLRMAIQQKLALTQRLELLEL	0.12	0.07	0.03	0.04	0.01	0.07	0.12	0.01	0.01	0.02	0.16	0.08	0.08	0.02	0.0	0.04	0.08	0.0	0.02	0.01	0.0	0.42	0.0	0.04	0.32	0.54
210	210	210	6owd	2	52	56	0.93	2.0	author	2.0	dimeric	-6.26	38.88	44.21	45.73	52.28	49.07	53.03	55.71	52.33	8.38	28.0	QIARLQRQIRALQRQNARLQRQIRALQW	0.14	0.25	0.04	0.0	0.0	0.29	0.0	0.0	0.0	0.11	0.14	0.0	0.0	0.0	0.0	0.0	0.0	0.04	0.0	0.0	0.0	0.43	0.0	0.04	0.25	0.5
211	211	211	6prl	6	224	243	0.92	6.0	author	6.0	hexameric	-4.26	48.2	42.94	42.98	63.7	48.87	59.11	64.72	63.79	12.54	48.0	RSDIEKLKEAIRDTNKAVQSVQSSIGNLIVAIKSVQDYVNKEIVPSIA	0.08	0.04	0.06	0.06	0.0	0.06	0.06	0.02	0.0	0.15	0.04	0.1	0.0	0.0	0.02	0.12	0.02	0.0	0.02	0.12	0.0	0.42	0.02	0.02	0.27	0.57
212	212	212	6pyq	6	220	232	0.95	6.0	author	6.0	hexameric	-5.26	46.95	42.35	42.26	62.37	48.21	58.24	63.63	62.46	13.03	51.0	QARSDIEKLKEAIRDTNKAVQSVQSSIGNLIVAIKSVQDYVNKEIVPSIAR	0.1	0.06	0.06	0.06	0.0	0.08	0.06	0.02	0.0	0.14	0.04	0.1	0.0	0.0	0.02	0.12	0.02	0.0	0.02	0.12	0.0	0.41	0.02	0.02	0.27	0.57
213	213	213	6pz6	6	225	238	0.95	6.0	author	6.0	hexameric	-5.26	48.2	42.94	42.98	63.7	48.87	59.11	64.72	63.79	11.97	48.0	SDIEKLKEAIRDTNKAVQSVQSSIGNLIVAIKSVQDYVNKEIVPSIAR	0.08	0.04	0.06	0.06	0.0	0.06	0.06	0.02	0.0	0.15	0.04	0.1	0.0	0.0	0.02	0.12	0.02	0.0	0.02	0.12	0.0	0.42	0.02	0.02	0.27	0.57
214	214	214	6q5j	6	158	170	0.93	6.0	author	6.0	hexameric	-5.26	49.3	41.47	38.57	66.87	48.02	58.89	65.28	66.96	6.35	30.0	GELKAIAQELKAIAKELKAIAWEEKAIAQG	0.27	0.0	0.0	0.0	0.0	0.07	0.17	0.07	0.0	0.13	0.1	0.17	0.0	0.0	0.0	0.0	0.0	0.03	0.0	0.0	0.0	0.53	0.0	0.03	0.33	0.75
215	215	215	6q5p	6	174	180	0.97	6.0	author	6.0	hexameric	-5.26	53.04	43.97	40.05	69.5	51.01	61.36	67.81	69.57	8.04	30.0	GEIKAIAQEIKAIAKEIKAIAWEIKAIAQG	0.27	0.0	0.0	0.0	0.0	0.07	0.13	0.07	0.0	0.27	0.0	0.17	0.0	0.0	0.0	0.0	0.0	0.03	0.0	0.0	0.0	0.57	0.0	0.03	0.3	0.75
216	216	216	6q5s	4	117	120	0.97	4.0	author	4.0	tetrameric	-5.26	50.96	43.97	42.77	67.31	48.96	59.39	67.33	67.43	5.87	30.0	GELEALAQELEALAKKLKALAWKLKALAQG	0.27	0.0	0.0	0.0	0.0	0.07	0.13	0.07	0.0	0.0	0.27	0.17	0.0	0.0	0.0	0.0	0.0	0.03	0.0	0.0	0.0	0.57	0.0	0.03	0.3	0.75
217	217	217	6qp4	3	354	467	0.76	3.0	author	3.0	trimeric	-5.26	44.44	41.92	40.64	63.37	48.38	60.25	63.33	63.48	14.38	157.0	TGNGTVSVGKKGKERQIVHVGAGEISDTSTDAVNGSQLHALATVVAQNKADIKDLDDEVGLLGEEINSLEGEIFNNQDAIAKNQADIKTLESNVEEGLLDLSGRLLDQKADIDNNINNIYELAQQQDQHSSDIKTLKNNVEEGLLDLSGRLIDLVPR	0.07	0.03	0.09	0.1	0.0	0.06	0.08	0.09	0.02	0.08	0.12	0.06	0.0	0.01	0.01	0.06	0.04	0.0	0.01	0.07	0.0	0.35	0.01	0.01	0.29	0.45
218	218	218	6r17	4	306	306	1.0	4.0	author	4.0	tetrameric	-4.26	41.45	41.81	41.77	59.72	47.41	54.92	60.81	59.82	15.35	93.0	LYFSSLDSSIDILQKRAQELIENINKSRQKDHALMTNFRNSLKTKVSDLTEKLEERIYQIYNDHNKIIQEKLQEFTQKMAKISHLETELKQVC	0.03	0.04	0.06	0.05	0.01	0.09	0.1	0.0	0.03	0.1	0.12	0.12	0.02	0.03	0.0	0.09	0.05	0.0	0.03	0.02	0.0	0.32	0.0	0.06	0.34	0.62
219	219	219	6tzw	2	133	133	1.0	2.0	author	2.0	dimeric	-5.26	45.09	41.36	45.37	60.13	49.67	57.21	61.41	60.22	7.78	75.0	TMSKLRNELRLLKEDAATISSLRAMFAARCEEYVTQVDDLNRQLEAAEEEKKTLNQLLRLAVQQKLALTQRLEEM	0.12	0.09	0.04	0.04	0.01	0.08	0.13	0.0	0.0	0.01	0.19	0.07	0.04	0.01	0.0	0.04	0.07	0.0	0.01	0.04	0.0	0.41	0.0	0.03	0.33	0.64
220	220	220	6uci	4	223	230	0.97	4.0	author	4.0	tetrameric	-5.27	36.41	31.04	39.73	52.99	43.67	50.54	50.38	53.08	4.96	57.0	RERNKLAAAKCRNRRRELTDRLQAETDQLEEEKAELESEIAELQKEKERLEFVLVAH	0.12	0.14	0.04	0.04	0.02	0.05	0.23	0.0	0.02	0.02	0.14	0.09	0.0	0.02	0.0	0.02	0.04	0.0	0.0	0.04	0.0	0.33	0.0	0.02	0.51	0.38
221	221	221	6uui	2	211	215	0.98	2.0	author	2.0	dimeric	-5.26									0.0	0.0																											
222	222	222	6v3v	6	214	243	0.88	6.0	author	6.0	hexameric	-5.26	47.73	42.69	43.1	63.34	48.71	58.71	64.25	63.43	12.78	47.0	RSDIEKLKEAIRDTNKAVQSVQSSIGNLIVAIKSVQDYVNKEIVPSI	0.06	0.04	0.06	0.06	0.0	0.06	0.06	0.02	0.0	0.15	0.04	0.11	0.0	0.0	0.02	0.13	0.02	0.0	0.02	0.13	0.0	0.4	0.02	0.02	0.28	0.57
223	223	223	6wb3	2	57	60	0.95	2.0	author	2.0	dimeric	-5.26	30.44	28.65	35.99	50.14	40.24	45.05	47.38	50.21	9.75	30.0	ETEKLIREKDEELRRMQEMLHKIQKQMKEN	0.0	0.1	0.03	0.03	0.0	0.1	0.23	0.0	0.03	0.07	0.1	0.17	0.1	0.0	0.0	0.0	0.03	0.0	0.0	0.0	0.0	0.27	0.0	0.0	0.57	0.5
224	224	224	6wbp	2	108	112	0.96	2.0	author	2.0	dimeric	-5.26	31.99	28.41	31.82	52.72	38.22	45.03	48.59	52.83	10.23	56.0	GSHMWVQRVKEKEAELKEAEKELHEKFDRLKKLHQDEKKKLEDKKKSLDDEVNAFK	0.05	0.04	0.02	0.09	0.0	0.04	0.18	0.02	0.05	0.0	0.11	0.25	0.02	0.04	0.0	0.04	0.0	0.02	0.0	0.05	0.0	0.29	0.0	0.05	0.61	0.38
225	225	225	6wcu	2	54	60	0.9	2.0	author	2.0	dimeric	-5.27	31.29	31.73	37.24	49.79	42.38	47.02	49.82	49.84	9.3	30.0	ETEKLIRMKDEELRRMQEMLQRMKQQMQDQ	0.0	0.13	0.0	0.07	0.0	0.2	0.17	0.0	0.0	0.03	0.1	0.1	0.17	0.0	0.0	0.0	0.03	0.0	0.0	0.0	0.0	0.3	0.0	0.0	0.47	0.75
226	226	226	6x45	6	197	260	0.76	6.0	author	6.0	hexameric	-5.26	48.04	49.28	42.7	65.63	49.16	61.22	69.56	65.74	12.31	51.0	LYENQKLIANQFNSAIGKIQDSLSSTASALGKLQDVVNQNAQALNTLVKQL	0.12	0.0	0.12	0.04	0.0	0.14	0.02	0.04	0.0	0.06	0.16	0.08	0.0	0.02	0.0	0.1	0.04	0.0	0.02	0.06	0.0	0.41	0.0	0.04	0.14	0.57
227	227	227	6xnm	3	84	90	0.93	3.0	author	3.0	trimeric	-5.26	42.26	36.83	45.83	58.2	46.66	51.97	56.13	58.31	6.96	30.0	RMKQLEDKVEELLSKAYHLENEVARLKKLV	0.07	0.07	0.03	0.03	0.0	0.03	0.17	0.0	0.03	0.0	0.2	0.17	0.03	0.0	0.0	0.03	0.0	0.0	0.03	0.1	0.0	0.4	0.0	0.03	0.47	1.0
228	228	228	6xx0	4	168	302	0.56	4.0	author	4.0	tetrameric	-5.26	41.73	38.76	37.67	60.09	45.39	54.22	58.53	60.17	6.49	75.0	QLQQAEEALVAKQEVIDKLKEEAAQHAIVMETVPVLKAQADIYKADFQAERQAREKLAEKKELLQEQLEQLQREY	0.16	0.04	0.0	0.04	0.0	0.16	0.17	0.0	0.01	0.04	0.12	0.11	0.01	0.01	0.01	0.0	0.01	0.0	0.03	0.07	0.0	0.43	0.01	0.04	0.37	0.55
229	229	229	6xy0	4	117	120	0.97	4.0	author	4.0	tetrameric	-5.26	44.3	43.97	36.97	63.95	46.73	56.78	63.8	64.02	7.84	30.0	GAIQQELKAIQQELKAIQWELKAIQQELKG	0.13	0.0	0.0	0.0	0.0	0.23	0.13	0.07	0.0	0.13	0.13	0.13	0.0	0.0	0.0	0.0	0.0	0.03	0.0	0.0	0.0	0.43	0.0	0.03	0.27	0.75
230	230	230	6xy1	4	117	120	0.97	4.0	author	4.0	tetrameric	-5.26	36.0	38.14	32.09	57.26	40.07	47.77	56.12	57.35	9.12	30.0	GEIQKQLKEIQKQLKEIQWQLKEIQKQLKG	0.0	0.0	0.0	0.0	0.0	0.27	0.13	0.07	0.0	0.13	0.13	0.23	0.0	0.0	0.0	0.0	0.0	0.03	0.0	0.0	0.0	0.3	0.0	0.03	0.37	0.75
231	231	231	6yb2	6	168	180	0.93	6.0	author	6.0	hexameric	-5.26	48.67	42.51	35.65	66.51	47.43	58.65	66.9	66.6	8.42	30.0	GEIAQALKEIAKATKEIAWATKEIAQALKG	0.27	0.0	0.0	0.0	0.0	0.07	0.13	0.07	0.0	0.13	0.07	0.17	0.0	0.0	0.0	0.0	0.07	0.03	0.0	0.0	0.0	0.5	0.0	0.03	0.3	0.75
232	232	232	6yip	2	133	133	1.0	2.0	author	2.0	dimeric	-5.26	38.27	38.39	38.94	59.15	46.25	55.13	58.2	59.22	6.99	71.0	GPMVEQMQQREQWCSEHLDTQKELLEEMYEEKLNILKESLTSFYQEEIQERDEKIEELEALLQEARQQSVA	0.04	0.04	0.01	0.03	0.01	0.14	0.24	0.01	0.01	0.04	0.13	0.06	0.04	0.01	0.01	0.06	0.03	0.01	0.03	0.03	0.0	0.32	0.01	0.06	0.38	0.6
233	233	233	6yrl	4	429	432	0.99	4.0	author	4.0	tetrameric	-4.26	38.87	36.25	38.02	56.62	44.06	54.61	57.63	56.71	4.42	108.0	YELDTKVSELSHKLGSSEGSNRSLEEETARLRSLNQQLSSSKHELEIQLNEAKAKVLALDEKAQSQGDVIEQQRGRLRDUEAALRQTEQRCADLRDTLASAEGRAKEA	0.11	0.09	0.03	0.06	0.01	0.08	0.14	0.05	0.02	0.02	0.14	0.06	0.0	0.0	0.0	0.11	0.04	0.0	0.01	0.03	0.01	0.3	0.0	0.01	0.37	0.33
234	234	234	6ytu	2	60	67	0.9	2.0	author	2.0	dimeric	-5.26	38.79	40.99	47.72	56.64	52.33	55.12	55.46	56.71	13.31	34.0	QETIANLERWVKREMHVWREVFYRLERWADRLES	0.06	0.18	0.03	0.03	0.0	0.03	0.18	0.0	0.03	0.03	0.09	0.03	0.03	0.03	0.0	0.03	0.03	0.09	0.03	0.09	0.0	0.41	0.0	0.15	0.44	0.6
235	235	235	6zpj	2	180	187	0.96	2.0	author	2.0	dimeric	-5.26	40.64	38.91	39.37	58.11	46.52	55.02	58.73	58.2	11.19	110.0	GSTANKLTEAQRRIAELEKELQRTTQRVDQLSDVVQQQKDELQAAKDRHALEMEETRHAYNAVIHRKDEVQEEALRQLLKSRQLMVSAARYEAVVAAKKLHAQEFELGAP	0.15	0.09	0.02	0.05	0.0	0.11	0.13	0.02	0.04	0.02	0.11	0.07	0.02	0.01	0.01	0.04	0.05	0.0	0.02	0.07	0.0	0.38	0.01	0.03	0.37	0.62
236	236	236	6zpm	2	200	204	0.98	2.0	author	2.0	dimeric	-5.26	36.0	33.17	40.24	53.16	44.4	51.24	52.91	53.24	14.86	103.0	SSLQRYEKLVKECRRLEEELEQKTHEASDASQRVRQLERETTRLMRRVEQLVSAVEGQKQKLDETEAKHKLELAEIENRHELEIQSKMSSHEEALRRLMDARR	0.07	0.14	0.01	0.03	0.01	0.08	0.19	0.01	0.04	0.02	0.13	0.08	0.03	0.0	0.0	0.08	0.04	0.0	0.01	0.05	0.0	0.29	0.0	0.01	0.48	0.4
237	237	237	7baw	7	206	208	0.99	7.0	author	7.0	heptameric	-5.26	49.64	41.47	39.63	68.46	49.48	60.0	66.32	68.54	10.54	30.0	GEIAQGIKEIAKGIKEIAWGIKEIAKGIKG	0.13	0.0	0.0	0.0	0.0	0.03	0.13	0.2	0.0	0.27	0.0	0.2	0.0	0.0	0.0	0.0	0.0	0.03	0.0	0.0	0.0	0.43	0.0	0.03	0.33	0.75
238	238	238	7bgf	2	220	220	1.0	2.0	author	2.0	dimeric	-5.26	36.78	36.98	38.56	55.25	44.24	51.31	54.94	55.34	9.75	112.0	GHDREVQGLQVKVTKLKQERILDAQRLEEFFTKNQQLREQQKVLHETIKVLEDRLRAGLADRAAVTEEHMRKKQQEFENIRQQNLKLITELMNERNTLQEENKKLSEQLQQK	0.04	0.09	0.05	0.04	0.0	0.14	0.14	0.03	0.03	0.04	0.13	0.11	0.02	0.03	0.0	0.01	0.05	0.0	0.0	0.05	0.0	0.31	0.0	0.03	0.4	0.44
239	239	239	7bjn	2	95	102	0.93	2.0	author	2.0	dimeric	-5.26	39.9	35.65	40.05	56.68	45.06	55.05	57.14	56.76	8.34	59.0	HNIMNTQLKRAESEVAALNRRIQLLEEDLERSEERLGSATAKLSEASQAADESERARKI	0.15	0.12	0.05	0.03	0.0	0.05	0.17	0.02	0.02	0.05	0.12	0.05	0.02	0.0	0.0	0.1	0.03	0.0	0.0	0.02	0.0	0.36	0.0	0.0	0.39	0.62
240	240	240	7bjs	3	192	198	0.97	3.0	author	3.0	trimeric	-5.26	38.16	35.19	42.51	54.1	45.74	51.2	53.52	54.2	13.83	69.0	SFLENNLDQLTKVHKQLVRDNADLRCELPKLEKRLRCTMERVKALETALKEAKEGAMRDRKRYQYEVDR	0.07	0.13	0.04	0.07	0.03	0.04	0.12	0.01	0.01	0.0	0.14	0.12	0.03	0.01	0.01	0.01	0.04	0.0	0.03	0.06	0.0	0.33	0.01	0.04	0.45	0.4
241	241	241	7d2e	4	239	242	0.99	4.0	author	4.0	tetrameric	-7.25	44.33	38.39	46.07	59.54	49.17	56.57	58.67	59.63	9.02	62.0	SSEVEVLKALKSLFEHHKALDEKVRERLRVSLERVSALEEELAAANQEIVALREQNVHIQRK	0.11	0.1	0.03	0.02	0.0	0.05	0.18	0.0	0.05	0.03	0.15	0.08	0.0	0.02	0.0	0.08	0.0	0.0	0.0	0.11	0.0	0.42	0.0	0.02	0.42	0.44
242	242	242	7d2h	4	219	228	0.96	4.0	author	4.0	tetrameric	-6.17	41.86	38.0	45.23	58.66	48.58	56.59	59.04	58.76	4.39	57.0	PGSEFAALTKELNACREQLLEKEEEISELKAERNNTRLLLEHLEALVSRHERSLRMT	0.09	0.11	0.05	0.0	0.02	0.02	0.21	0.02	0.04	0.02	0.19	0.05	0.02	0.02	0.02	0.07	0.05	0.0	0.0	0.02	0.0	0.37	0.02	0.02	0.4	0.38
243	243	243	7edp	2	80	83	0.96	2.0	author	2.0	dimeric	-7.25	44.72	43.0	46.77	60.46	49.01	56.76	62.06	60.56	5.11	43.0	SDILGMLKSLHQLQVENRRLEEQIKNLTAKKERLQLLNAQLSV	0.05	0.07	0.07	0.02	0.0	0.12	0.09	0.02	0.02	0.05	0.23	0.09	0.02	0.0	0.0	0.07	0.02	0.0	0.0	0.05	0.0	0.4	0.0	0.0	0.3	0.67
244	244	244	7eqb	2	136	136	1.0	2.0	author	2.0	dimeric	-6.25	36.44	33.65	38.67	54.19	43.01	50.59	54.18	54.28	2.17	68.0	SLNDKDEEIKKLRGFCSRYKRENASMKERIASCEQGEQENALVMEKLMEQKMEDRKIIQSQKKAMRNV	0.06	0.09	0.06	0.04	0.03	0.07	0.15	0.03	0.0	0.06	0.06	0.15	0.07	0.01	0.0	0.07	0.0	0.0	0.01	0.03	0.0	0.29	0.0	0.03	0.43	0.2
245	245	245	7ff1	6	201	210	0.96	6.0	author	6.0	hexameric	-5.26	36.89	44.31	40.2	60.58	47.87	57.51	60.87	60.66	7.05	34.0	WMEWDREINNYTSLIHSLIGESQNQQEKNEQELL	0.0	0.03	0.12	0.03	0.0	0.12	0.18	0.03	0.03	0.09	0.12	0.03	0.03	0.0	0.0	0.09	0.03	0.06	0.03	0.0	0.0	0.29	0.0	0.09	0.29	0.4
246	246	246	7mnk	4	103	120	0.86	4.0	author	4.0	tetrameric	-4.26	42.11	41.47	41.51	60.59	46.39	55.43	61.94	60.69	5.43	30.0	SYEDQNSLLKMICQQVEAIKKEMQELKLNS	0.03	0.0	0.07	0.03	0.03	0.13	0.13	0.0	0.0	0.07	0.13	0.13	0.07	0.0	0.0	0.1	0.0	0.0	0.03	0.03	0.0	0.33	0.0	0.03	0.3	0.75
247	247	247	7nfg	6	177	180	0.98	6.0	author	6.0	hexameric	-5.26	51.26	43.29	39.32	68.03	49.05	60.13	67.32	68.12	9.39	30.0	GEIAQALKEIAKAAKEIAWALKEIAQALKG	0.3	0.0	0.0	0.0	0.0	0.07	0.13	0.07	0.0	0.13	0.1	0.17	0.0	0.0	0.0	0.0	0.0	0.03	0.0	0.0	0.0	0.57	0.0	0.03	0.3	0.75
248	248	248	7nfh	7	187	210	0.89	7.0	author	7.0	heptameric	-5.17	49.19	42.93	39.14	66.98	49.99	59.88	68.06	67.05	8.75	30.0	GEIAQAMKEIAKAMKEIAWAMKEIAQAMKG	0.27	0.0	0.0	0.0	0.0	0.07	0.13	0.07	0.0	0.13	0.0	0.17	0.13	0.0	0.0	0.0	0.0	0.03	0.0	0.0	0.0	0.57	0.0	0.03	0.3	0.75
249	249	249	7nfj	7	204	210	0.97	7.0	author	7.0	heptameric	-5.26	50.12	44.23	40.46	67.72	49.22	59.26	66.84	67.82	9.1	30.0	GEIAQALKEIAKALKEIAWALKEIAQAYKG	0.27	0.0	0.0	0.0	0.0	0.07	0.13	0.07	0.0	0.13	0.1	0.17	0.0	0.0	0.0	0.0	0.0	0.03	0.03	0.0	0.0	0.53	0.0	0.07	0.3	0.75
250	250	250	7owx	4	91	108	0.84	4.0	author	4.0	tetrameric	-5.26	42.9	39.62	44.62	60.63	47.22	56.68	57.55	60.73	7.84	27.0	YNIQKEIDRLNEVAKNLNESLIDLQEL	0.04	0.04	0.15	0.07	0.0	0.07	0.15	0.0	0.0	0.11	0.19	0.07	0.0	0.0	0.0	0.04	0.0	0.0	0.04	0.04	0.0	0.37	0.0	0.04	0.33	0.5
251	251	251	7p3h	3	101	108	0.94	3.0	author	3.0	trimeric	-5.17	40.03	34.12	32.24	60.66	42.58	52.67	56.46	60.73	4.98	36.0	EWEAIEKKIAANESKDQAIEKKIQAIEKKIEAIEHG	0.17	0.0	0.03	0.03	0.0	0.06	0.22	0.03	0.03	0.19	0.0	0.19	0.0	0.0	0.0	0.03	0.0	0.03	0.0	0.0	0.0	0.39	0.0	0.03	0.47	0.4
252	252	252	7q1r	2	54	60	0.9	2.0	author	2.0	dimeric	-4.26	44.55	45.12	39.24	62.3	48.36	58.39	63.81	62.38	1.08	30.0	GQLEQELAALDQQIAALKQRRAALKWQIQG	0.2	0.07	0.0	0.03	0.0	0.23	0.07	0.07	0.0	0.07	0.17	0.07	0.0	0.0	0.0	0.0	0.0	0.03	0.0	0.0	0.0	0.47	0.0	0.03	0.23	0.75
253	253	253	7q1t	2	54	60	0.9	2.0	author	2.0	dimeric	-5.26	47.55	45.48	38.45	67.77	50.75	64.19	66.74	67.84	3.43	30.0	GQLEQELAALDQEIAAAEQELAALDWQIQG	0.23	0.0	0.0	0.07	0.0	0.2	0.17	0.07	0.0	0.07	0.17	0.0	0.0	0.0	0.0	0.0	0.0	0.03	0.0	0.0	0.0	0.5	0.0	0.03	0.23	0.75
254	254	254	7r6h	4	199	205	0.97	4.0	author	4.0	tetrameric	-4.17	52.41	46.37	51.48	66.49	56.06	64.03	66.49	66.58	7.17	52.0	GSIINETADDIVYRLTVIIDDRYESLKNLITLRADRLEMIINDNVSTILASI	0.06	0.08	0.08	0.12	0.0	0.0	0.06	0.02	0.0	0.19	0.12	0.02	0.02	0.0	0.0	0.08	0.08	0.0	0.04	0.06	0.0	0.44	0.0	0.04	0.27	0.71
255	255	255	7saf	2	132	132	1.0	2.0	author	2.0	dimeric	-5.26	37.11	36.04	38.65	58.05	43.33	51.01	55.2	58.16	10.91	62.0	SMKQLEDKVEELLSKNYHLENEVARLKKLVSKLEKQLEEAQKDYSEIEGKLEQFWHDYDKLE	0.03	0.02	0.03	0.06	0.0	0.06	0.19	0.02	0.03	0.02	0.16	0.16	0.02	0.02	0.0	0.06	0.0	0.02	0.05	0.05	0.0	0.31	0.0	0.08	0.47	0.67
256	256	256	7ucc	2	126	132	0.95	2.0	author	2.0	dimeric	-5.28									0.0	0.0																											
257	257	257	7ucd	2	129	132	0.98	2.0	author	2.0	dimeric	-6.26									0.0	0.0																											
258	258	258	7yfu	2	73	88	0.83	2.0	author	2.0	dimeric	-5.26	38.63	37.94	40.28	57.84	45.73	54.62	57.36	57.92	4.49	44.0	GPGSRDVEMEEMIEQLQEKVHELERQNEVLKNRLISAKQQLQVQ	0.02	0.07	0.05	0.02	0.0	0.16	0.18	0.05	0.02	0.05	0.11	0.07	0.05	0.0	0.02	0.05	0.0	0.0	0.0	0.09	0.0	0.34	0.02	0.0	0.36	0.5
259	259	259	8arf	2	190	193	0.98	2.0	author	2.0	dimeric	-4.26	38.57	37.82	40.75	57.2	46.25	54.16	57.67	57.28	7.72	96.0	EADIITNLRCRLKEAEEERLKAAQYGLQLVESQNELQNQLDKCRNEMMTMTESYEQEKYTLQREVELKSRMLESLSCECEAIKQQQKMHLEKLEEQ	0.05	0.06	0.04	0.02	0.04	0.11	0.2	0.01	0.01	0.03	0.14	0.08	0.05	0.0	0.0	0.05	0.04	0.0	0.03	0.02	0.0	0.29	0.0	0.03	0.38	0.43
260	260	260	8f3a	3	135	135	1.0	3.0	author	3.0	trimeric	-5.26	43.01	38.38	41.74	59.25	46.48	52.34	57.67	59.33	9.44	45.0	RMKQIEDKIEEIESKQKKIENEIARIKKLLQLTVWGIKQLQARIL	0.04	0.07	0.02	0.02	0.0	0.11	0.13	0.02	0.0	0.18	0.11	0.18	0.02	0.0	0.0	0.02	0.02	0.02	0.0	0.02	0.0	0.4	0.0	0.02	0.4	0.67
261	261	261	8f3b	3	146	149	0.98	3.0	author	3.0	trimeric	-5.26	42.98	38.69	42.84	59.13	47.07	52.59	57.46	59.2	8.64	50.0	RMKQIEDKIEEIESKQKKIENEIARIKKLLQLTVWGIKQLQARILAVERY	0.06	0.08	0.02	0.02	0.0	0.1	0.14	0.02	0.0	0.16	0.1	0.16	0.02	0.0	0.0	0.02	0.02	0.02	0.02	0.04	0.0	0.4	0.0	0.04	0.4	0.71
262	262	262	8fcf	2	162	162	1.0	2.0	author	2.0	dimeric	-5.27									0.0	0.0																											
263	263	263	8gkv	2	81	84	0.96	2.0	author	2.0	dimeric	-4.26	50.65	44.47	47.11	66.62	52.09	61.53	67.67	66.71	4.44	44.0	GGMKNLIAELLFKLAQKEEESKELSAQVEALEIIVTAMLRNMAQ	0.14	0.02	0.05	0.0	0.0	0.07	0.16	0.05	0.0	0.07	0.16	0.09	0.07	0.02	0.0	0.05	0.02	0.0	0.0	0.05	0.0	0.5	0.0	0.02	0.27	0.67
264	264	264	8goj	4	66	88	0.75	4.0	author	4.0	tetrameric	-5.26	45.65	40.91	43.54	62.39	48.94	59.6	62.96	62.48	6.37	22.0	TASPRALADELEQLAYEVERLS	0.18	0.09	0.0	0.05	0.0	0.05	0.18	0.0	0.0	0.0	0.18	0.0	0.0	0.0	0.05	0.09	0.05	0.0	0.05	0.05	0.0	0.45	0.05	0.05	0.32	0.67
265	265	265	8ims	3	262	277	0.95	3.0	author	3.0	trimeric	-5.26	43.76	40.55	44.84	61.47	49.97	58.22	61.11	61.56	12.32	93.0	EGLKEFLQQTDDRFHEMHVALAQKDQEIAFLRSMLGKLSEKIDQLEKSLELKFDVLDENQSKLSEDLMEFRRDASMLNDELSHINARLNMGIL	0.05	0.05	0.04	0.1	0.0	0.06	0.12	0.03	0.03	0.04	0.17	0.08	0.05	0.05	0.0	0.08	0.01	0.0	0.0	0.02	0.0	0.4	0.0	0.05	0.38	0.69
266	266	266	8ipg	6	207	224	0.92	6.0	author	6.0	hexameric	-5.26	50.69	52.89	49.7	65.92	55.45	63.3	69.62	66.01	8.63	43.0	VQARQLLSGIVQQQNNLLRAIEAQQHLLQLTVWGIKQLQARIL	0.09	0.07	0.05	0.0	0.0	0.23	0.02	0.05	0.02	0.09	0.21	0.02	0.0	0.0	0.0	0.02	0.02	0.02	0.0	0.07	0.0	0.49	0.0	0.02	0.14	0.67
267	267	267	8owi	2	109	109	1.0	2.0	author	2.0	dimeric	-5.26	38.81	33.41	39.42	55.79	42.88	49.09	53.66	55.88	7.45	55.0	KEEIEDLKMKLVKIDLEKMKNAKEFEKEISATKATVEYQKEVIRLLRENLRRSQQ	0.05	0.07	0.04	0.04	0.0	0.05	0.18	0.0	0.0	0.07	0.11	0.18	0.04	0.02	0.0	0.04	0.04	0.0	0.02	0.05	0.0	0.35	0.0	0.04	0.47	0.62
268	268	268	8p0s	2	264	265	1.0	2.0	author	2.0	dimeric	-5.26	33.31	33.75	34.18	53.08	39.36	48.59	52.19	53.17	6.77	133.0	GSADKSLQESLQKTIYKLEEQLHNEUQLKDEUEQKCRTSNIKLDKIUKELDEEGNQRRNLESTVSQIEKEKULLQHRINEYQRKAEQENEKRRNVENEVSTLKDQLEDLKKVSQNSQLANEKLSQLQKQLEEA	0.03	0.05	0.08	0.05	0.01	0.12	0.17	0.02	0.02	0.04	0.13	0.13	0.0	0.0	0.0	0.08	0.03	0.0	0.02	0.03	0.03	0.23	0.0	0.02	0.41	0.32
269	269	269	8puz	2	322	322	1.0	2.0	author	2.0	dimeric	-5.26	36.38	31.46	35.74	55.22	42.03	50.81	52.68	55.31	12.12	161.0	MDKLREKINAARAETDEAVARAEAAEAKLKEVELQLSLKEQEYESLSRKSEAAESQLEELEEETKQLRLKADNEDIQKTEAEQLSRKVELLEEELETNDKLLRETTEKMRQTDVKAEHFERRVQSLERERDDMEQKLEEMTDKYTKVKAELDEVHQALEDL	0.1	0.07	0.02	0.07	0.0	0.06	0.23	0.0	0.01	0.01	0.13	0.11	0.02	0.01	0.0	0.04	0.06	0.0	0.01	0.04	0.0	0.32	0.0	0.02	0.49	0.48
270	270	270	8qaa	6	174	180	0.97	6.0	author	6.0	hexameric	-5.26	52.0	43.97	41.41	68.4	49.99	60.37	67.57	68.5	10.55	30.0	GALEEIAQALEEIAKALKKIAWALKKIAQG	0.27	0.0	0.0	0.0	0.0	0.07	0.13	0.07	0.0	0.13	0.13	0.17	0.0	0.0	0.0	0.0	0.0	0.03	0.0	0.0	0.0	0.57	0.0	0.03	0.3	0.75
271	271	271	8qab	6	174	179	0.97	6.0	author	6.0	hexameric	-5.26	54.96	46.67	49.74	69.9	53.75	61.36	68.57	70.01	11.04	30.0	GLLEEIAQLLEEIAKLLKKIAWLLKKIAQG	0.13	0.0	0.0	0.0	0.0	0.07	0.13	0.07	0.0	0.13	0.27	0.17	0.0	0.0	0.0	0.0	0.0	0.03	0.0	0.0	0.0	0.57	0.0	0.03	0.3	0.75
272	272	272	8sdi	4	305	320	0.95	4.0	author	4.0	tetrameric	-6.26	45.39	41.38	42.75	61.82	49.67	58.79	61.54	61.9	13.43	80.0	GVEALEDALAQIKSVNNALQERVEAVAADVRTFSEGYIKAIEEHRDKLLQQLDDIRIQRETALQLQKAQLEQLLADMRTG	0.14	0.08	0.02	0.08	0.0	0.11	0.11	0.04	0.01	0.06	0.14	0.05	0.01	0.01	0.0	0.02	0.04	0.0	0.01	0.06	0.0	0.42	0.0	0.03	0.33	0.73
273	273	273	8sdj	4	441	448	0.98	4.0	author	4.0	tetrameric	-6.26	41.72	40.07	40.77	60.45	46.83	55.09	60.44	60.54	16.54	112.0	GPSGGEVALEHKKKIQKQLEHLKKLRKSGEEQRSYGEEKAVSFLKQTEALKQRVQRKLEQVYYFLEQQEHFFVASLEDVGQMVGQIRKAYDTRVSQDIALLDALIGELEAKE	0.07	0.05	0.0	0.04	0.0	0.11	0.13	0.07	0.03	0.04	0.12	0.12	0.01	0.04	0.01	0.05	0.02	0.0	0.04	0.07	0.0	0.35	0.01	0.07	0.37	0.5
274	274	274	8t5f	3	95	101	0.94	3.0	author	3.0	trimeric	-5.26	42.54	45.23	48.29	61.11	52.41	58.5	62.85	61.21	0.47	34.0	SVSEIQLMHNLGKHLNSMERVEWLRKKLQDVHNF	0.0	0.06	0.09	0.03	0.0	0.06	0.09	0.03	0.09	0.03	0.15	0.09	0.06	0.03	0.0	0.09	0.0	0.03	0.0	0.09	0.0	0.38	0.0	0.06	0.35	0.4
275	275	275	8tgt	3	161	236	0.68	3.0	author	3.0	trimeric	-5.26	32.87	34.79	35.62	54.46	40.48	48.63	51.33	54.56	11.38	76.0	SKSAAKUWENUYKELDRDYSLLEKTVENUSLENUENLDKLNKENQGKLEKLELDYLKKLDHEHKEHQKEQQEQEER	0.03	0.03	0.08	0.07	0.0	0.07	0.2	0.01	0.04	0.0	0.14	0.16	0.0	0.0	0.0	0.05	0.01	0.01	0.04	0.01	0.05	0.2	0.0	0.05	0.49	0.36
